-- phpMyAdmin SQL Dump
-- version 4.6.6deb5
-- https://www.phpmyadmin.net/
--
-- Хост: localhost:3306
-- Время создания: Июн 21 2020 г., 20:29
-- Версия сервера: 5.7.30-0ubuntu0.18.04.1
-- Версия PHP: 7.2.24-0ubuntu0.18.04.6

SET SQL_MODE = "NO_AUTO_VALUE_ON_ZERO";
SET time_zone = "+00:00";


/*!40101 SET @OLD_CHARACTER_SET_CLIENT=@@CHARACTER_SET_CLIENT */;
/*!40101 SET @OLD_CHARACTER_SET_RESULTS=@@CHARACTER_SET_RESULTS */;
/*!40101 SET @OLD_COLLATION_CONNECTION=@@COLLATION_CONNECTION */;
/*!40101 SET NAMES utf8mb4 */;

--
-- База данных: `my`
--

-- --------------------------------------------------------

--
-- Структура таблицы `auth_assignment`
--

CREATE TABLE `auth_assignment` (
  `item_name` varchar(64) COLLATE utf8_unicode_ci NOT NULL,
  `user_id` varchar(64) COLLATE utf8_unicode_ci NOT NULL,
  `created_at` int(11) DEFAULT NULL
) ENGINE=InnoDB DEFAULT CHARSET=utf8 COLLATE=utf8_unicode_ci;

--
-- Дамп данных таблицы `auth_assignment`
--

INSERT INTO `auth_assignment` (`item_name`, `user_id`, `created_at`) VALUES
('admin', '2', 1589277394),
('user', '3', 1589458961),
('user', '5', 1592143810);

-- --------------------------------------------------------

--
-- Структура таблицы `auth_item`
--

CREATE TABLE `auth_item` (
  `name` varchar(64) COLLATE utf8_unicode_ci NOT NULL,
  `type` smallint(6) NOT NULL,
  `description` text COLLATE utf8_unicode_ci,
  `rule_name` varchar(64) COLLATE utf8_unicode_ci DEFAULT NULL,
  `data` blob,
  `created_at` int(11) DEFAULT NULL,
  `updated_at` int(11) DEFAULT NULL
) ENGINE=InnoDB DEFAULT CHARSET=utf8 COLLATE=utf8_unicode_ci;

--
-- Дамп данных таблицы `auth_item`
--

INSERT INTO `auth_item` (`name`, `type`, `description`, `rule_name`, `data`, `created_at`, `updated_at`) VALUES
('admin', 1, NULL, NULL, NULL, 1589277259, 1589277259),
('author', 1, NULL, NULL, NULL, 1589277259, 1589277259),
('createPost', 2, 'User can create a post', NULL, NULL, 1589277259, 1589277259),
('updateOwnPost', 2, 'Update own post', 'isAuthor', NULL, 1589277259, 1589277259),
('updatePost', 2, 'User can update post', NULL, NULL, 1589277259, 1589277259),
('user', 1, NULL, NULL, NULL, 1589277259, 1589277259);

-- --------------------------------------------------------

--
-- Структура таблицы `auth_item_child`
--

CREATE TABLE `auth_item_child` (
  `parent` varchar(64) COLLATE utf8_unicode_ci NOT NULL,
  `child` varchar(64) COLLATE utf8_unicode_ci NOT NULL
) ENGINE=InnoDB DEFAULT CHARSET=utf8 COLLATE=utf8_unicode_ci;

--
-- Дамп данных таблицы `auth_item_child`
--

INSERT INTO `auth_item_child` (`parent`, `child`) VALUES
('admin', 'author'),
('author', 'createPost'),
('author', 'updateOwnPost'),
('admin', 'updatePost'),
('updateOwnPost', 'updatePost');

-- --------------------------------------------------------

--
-- Структура таблицы `auth_rule`
--

CREATE TABLE `auth_rule` (
  `name` varchar(64) COLLATE utf8_unicode_ci NOT NULL,
  `data` blob,
  `created_at` int(11) DEFAULT NULL,
  `updated_at` int(11) DEFAULT NULL
) ENGINE=InnoDB DEFAULT CHARSET=utf8 COLLATE=utf8_unicode_ci;

--
-- Дамп данных таблицы `auth_rule`
--

INSERT INTO `auth_rule` (`name`, `data`, `created_at`, `updated_at`) VALUES
('isAuthor', 0x4f3a32333a22636f6e736f6c655c726261635c417574686f7252756c65223a333a7b733a343a226e616d65223b733a383a226973417574686f72223b733a393a22637265617465644174223b693a313538393237373235393b733a393a22757064617465644174223b693a313538393237373235393b7d, 1589277259, 1589277259);

-- --------------------------------------------------------

--
-- Структура таблицы `bakery`
--

CREATE TABLE `bakery` (
  `id` int(11) NOT NULL,
  `title` varchar(50) NOT NULL,
  `lead_photo` varchar(160) DEFAULT NULL,
  `lead_text` text NOT NULL,
  `content` text NOT NULL,
  `created_at` datetime NOT NULL,
  `updated_at` datetime NOT NULL,
  `created_by` int(11) NOT NULL,
  `updated_by` int(11) NOT NULL,
  `category_id` int(11) NOT NULL,
  `status_id` int(11) DEFAULT '0',
  `user_id` int(11) NOT NULL DEFAULT '2',
  `ingredient` text NOT NULL,
  `agree` varchar(50) NOT NULL
) ENGINE=InnoDB DEFAULT CHARSET=utf8;

--
-- Дамп данных таблицы `bakery`
--

INSERT INTO `bakery` (`id`, `title`, `lead_photo`, `lead_text`, `content`, `created_at`, `updated_at`, `created_by`, `updated_by`, `category_id`, `status_id`, `user_id`, `ingredient`, `agree`) VALUES
(10, 'Медовик', 'uploads/medovik.jpg', '<p>Торт Медовый пух, или Медовик</p>\r\n\r\n<p>Самый вкусный и любимый торт Медовый пух или Медовик!</p>\r\n', '<p>Как приготовить</p>\r\n\r\n<ol>\r\n	<li>\r\n	<p>Готовим медовые коржи. В кастрюлю отправляем яйца, сахар, сливочное масло, жидкий мед и все перемешиваем. Далее ставим кастрюлю на маленький огонь, помешиваем массу до полного растворения кристаллов сахара.</p>\r\n\r\n	<p><a href=\"https://cookpad.com/ru/step_attachment/images/7b0a372d07a8ef59\"><img alt=\"Торт &quot;Медовый пух&quot;, или &quot;Медовик&quot; - 1 фото\" src=\"https://img-global.cpcdn.com/steps/7b0a372d07a8ef59/160x128cq70/tort-miedovyi-pukh-ili-miedovik-%D1%88%D0%B0%D0%B3-%D0%BF%D1%80%D0%B8%D0%B3%D0%BE%D1%82%D0%BE%D0%B2%D0%BB%D0%B5%D0%BD%D0%B8%D1%8F-1.jpg\" style=\"height:128px; width:160px\" /></a></p>\r\n	</li>\r\n	<li>\r\n	<p>Когда смесь станет горячей и сахар растворится, добавляем соду, - масса начнет пениться и увеличится в 2 раза. Энергично перемешиваем и держим массу на огне еще 0,5 минуты.</p>\r\n\r\n	<p><a href=\"https://cookpad.com/ru/step_attachment/images/1519a4293bc524fa\"><img alt=\"Торт &quot;Медовый пух&quot;, или &quot;Медовик&quot; - 2 фото\" src=\"https://img-global.cpcdn.com/steps/1519a4293bc524fa/160x128cq70/tort-miedovyi-pukh-ili-miedovik-%D1%88%D0%B0%D0%B3-%D0%BF%D1%80%D0%B8%D0%B3%D0%BE%D1%82%D0%BE%D0%B2%D0%BB%D0%B5%D0%BD%D0%B8%D1%8F-2.jpg\" style=\"height:128px; width:160px\" /></a></p>\r\n	</li>\r\n	<li>\r\n	<p>Снимаем кастрюльку с огня и начинаем понемногу домешивать предварительно просеянную муку. Сначала тесто будет жидким и горячим, замешаем его ложкой - оно постепенно начнет густеть. Дальше тесто уже не будет горячим, оно станет приятно теплым, и его можно смело месить руками.</p>\r\n\r\n	<p><a href=\"https://cookpad.com/ru/step_attachment/images/c588f56fb68f0fa8\"><img alt=\"Торт &quot;Медовый пух&quot;, или &quot;Медовик&quot; - 3 фото\" src=\"https://img-global.cpcdn.com/steps/c588f56fb68f0fa8/160x128cq70/tort-miedovyi-pukh-ili-miedovik-%D1%88%D0%B0%D0%B3-%D0%BF%D1%80%D0%B8%D0%B3%D0%BE%D1%82%D0%BE%D0%B2%D0%BB%D0%B5%D0%BD%D0%B8%D1%8F-3.jpg\" style=\"height:128px; width:160px\" /></a></p>\r\n	</li>\r\n	<li>\r\n	<p>Должно получиться мягкое, не сильно крутое тесто. Делим его на 8 равных частей, скатываем тесто в шарики, обсыпаем их мукой, чтобы не засохли, кладем на блюдо. Накрываем пищевой пленкой и ставим в холодильник.</p>\r\n\r\n	<p><a href=\"https://cookpad.com/ru/step_attachment/images/8d71da21b5a5d73c\"><img alt=\"Торт &quot;Медовый пух&quot;, или &quot;Медовик&quot; - 4 фото\" src=\"https://img-global.cpcdn.com/steps/8d71da21b5a5d73c/160x128cq70/tort-miedovyi-pukh-ili-miedovik-%D1%88%D0%B0%D0%B3-%D0%BF%D1%80%D0%B8%D0%B3%D0%BE%D1%82%D0%BE%D0%B2%D0%BB%D0%B5%D0%BD%D0%B8%D1%8F-4.jpg\" style=\"height:128px; width:160px\" /></a></p>\r\n	</li>\r\n	<li>\r\n	<p>Пока медовое тесто отдыхает на холоде, готовим заварной крем. В небольшой кастрюле соединяем муку, сахар, ванильный сахар, яйца и растираем венчиком в однородную смесь. Добавляем понемногу молоко и хорошо размешиваем массу до однородного состояния.</p>\r\n\r\n	<p><a href=\"https://cookpad.com/ru/step_attachment/images/75bbb6db06776df4\"><img alt=\"Торт &quot;Медовый пух&quot;, или &quot;Медовик&quot; - 5 фото\" src=\"https://img-global.cpcdn.com/steps/75bbb6db06776df4/160x128cq70/tort-miedovyi-pukh-ili-miedovik-%D1%88%D0%B0%D0%B3-%D0%BF%D1%80%D0%B8%D0%B3%D0%BE%D1%82%D0%BE%D0%B2%D0%BB%D0%B5%D0%BD%D0%B8%D1%8F-5.jpg\" style=\"height:128px; width:160px\" /></a></p>\r\n	</li>\r\n	<li>\r\n	<p>Ставим на небольшой огонь. Непрерывно перемешиваем молочную массу, особенно на дне кастрюли, чтобы избежать образования мучных комков. Как только заварной крем загустеет и начнет закипать, снимаем с плиты.</p>\r\n\r\n	<p><a href=\"https://cookpad.com/ru/step_attachment/images/f6dcb93f1aa18356\"><img alt=\"Торт &quot;Медовый пух&quot;, или &quot;Медовик&quot; - 6 фото\" src=\"https://img-global.cpcdn.com/steps/f6dcb93f1aa18356/160x128cq70/tort-miedovyi-pukh-ili-miedovik-%D1%88%D0%B0%D0%B3-%D0%BF%D1%80%D0%B8%D0%B3%D0%BE%D1%82%D0%BE%D0%B2%D0%BB%D0%B5%D0%BD%D0%B8%D1%8F-6.jpg\" style=\"height:128px; width:160px\" /></a></p>\r\n	</li>\r\n	<li>\r\n	<p>В горячую заварную массу добавляем мягкое сливочное масло, размешиваем до полного растворения сливочного масла. Крем накрываем пищевой пленкой так, чтобы пленка легла прямо на его поверхность (чтобы не образовалась пленка при остывании). Охлаждаем крем до комнатной температуры. Заварной крем готов, можем приступать к выпечке медовых коржей.</p>\r\n\r\n	<p><a href=\"https://cookpad.com/ru/step_attachment/images/aa649b36b4e40601\"><img alt=\"Торт &quot;Медовый пух&quot;, или &quot;Медовик&quot; - 7 фото\" src=\"https://img-global.cpcdn.com/steps/aa649b36b4e40601/160x128cq70/tort-miedovyi-pukh-ili-miedovik-%D1%88%D0%B0%D0%B3-%D0%BF%D1%80%D0%B8%D0%B3%D0%BE%D1%82%D0%BE%D0%B2%D0%BB%D0%B5%D0%BD%D0%B8%D1%8F-7.jpg\" style=\"height:128px; width:160px\" /></a></p>\r\n	</li>\r\n	<li>\r\n	<p>Достаем по одному шарику теста из холодильника. На посыпанной мукой поверхности или прямо на пергаментной бумаге для выпечки тонко раскатываем медовые коржи. Переносим корж на противень с пергаментной бумагой, и на ней же выпекаем.</p>\r\n\r\n	<p><a href=\"https://cookpad.com/ru/step_attachment/images/e3b132a0f023df33\"><img alt=\"Торт &quot;Медовый пух&quot;, или &quot;Медовик&quot; - 8 фото\" src=\"https://img-global.cpcdn.com/steps/e3b132a0f023df33/160x128cq70/tort-miedovyi-pukh-ili-miedovik-%D1%88%D0%B0%D0%B3-%D0%BF%D1%80%D0%B8%D0%B3%D0%BE%D1%82%D0%BE%D0%B2%D0%BB%D0%B5%D0%BD%D0%B8%D1%8F-8.jpg\" style=\"height:128px; width:160px\" /></a></p>\r\n	</li>\r\n	<li>\r\n	<p>Выпекаем медовые коржи в предварительно разогретой до 180&deg;С духовке 3-4 минуты или до золотистого цвета. Время выпечки и температуру нужно приспосабливать к каждой духовке индивидуально! Сразу после выпечки, еще в горячем виде, сверху кладем тарелку или форму нужного диаметра (у меня 22 см.) и обрезаем корж по форме, так как, остывая, он становится твердым, будет крошиться и ломаться.</p>\r\n\r\n	<p><a href=\"https://cookpad.com/ru/step_attachment/images/8a61e42d6b27b84d\"><img alt=\"Торт &quot;Медовый пух&quot;, или &quot;Медовик&quot; - 9 фото\" src=\"https://img-global.cpcdn.com/steps/8a61e42d6b27b84d/160x128cq70/tort-miedovyi-pukh-ili-miedovik-%D1%88%D0%B0%D0%B3-%D0%BF%D1%80%D0%B8%D0%B3%D0%BE%D1%82%D0%BE%D0%B2%D0%BB%D0%B5%D0%BD%D0%B8%D1%8F-9.jpg\" style=\"height:128px; width:160px\" /></a></p>\r\n	</li>\r\n	<li>\r\n	<p>Обрезки не выбрасываем - они понадобятся для посыпки боков и верха торта.</p>\r\n\r\n	<p>Таким образом выпекаем все остальные медовые коржи.</p>\r\n\r\n	<p><a href=\"https://cookpad.com/ru/step_attachment/images/336613b81404e6ce\"><img alt=\"Торт &quot;Медовый пух&quot;, или &quot;Медовик&quot; - 10 фото\" src=\"https://img-global.cpcdn.com/steps/336613b81404e6ce/160x128cq70/tort-miedovyi-pukh-ili-miedovik-%D1%88%D0%B0%D0%B3-%D0%BF%D1%80%D0%B8%D0%B3%D0%BE%D1%82%D0%BE%D0%B2%D0%BB%D0%B5%D0%BD%D0%B8%D1%8F-10.jpg\" style=\"height:128px; width:160px\" /></a></p>\r\n	</li>\r\n	<li>\r\n	<p>Остывшие медовые коржи смазываем заварным кремом. Смазываем кремом бока и верх торта-медовика.</p>\r\n\r\n	<p><a href=\"https://cookpad.com/ru/step_attachment/images/208a4498d92aa007\"><img alt=\"Торт &quot;Медовый пух&quot;, или &quot;Медовик&quot; - 11 фото\" src=\"https://img-global.cpcdn.com/steps/208a4498d92aa007/160x128cq70/tort-miedovyi-pukh-ili-miedovik-%D1%88%D0%B0%D0%B3-%D0%BF%D1%80%D0%B8%D0%B3%D0%BE%D1%82%D0%BE%D0%B2%D0%BB%D0%B5%D0%BD%D0%B8%D1%8F-11.jpg\" style=\"height:128px; width:160px\" /></a></p>\r\n	</li>\r\n	<li>\r\n	<p>Далее обильно посыпаем торт измельченными в блендере остатками от коржей и украшаем по своему вкусу.</p>\r\n\r\n	<p>Убираем медовый торт с заварным кремом в холодильник на ночь или на несколько часов для пропитки.</p>\r\n\r\n	<p><a href=\"https://cookpad.com/ru/step_attachment/images/1de41dd426b3b9cf\"><img alt=\"Торт &quot;Медовый пух&quot;, или &quot;Медовик&quot; - 12 фото\" src=\"https://img-global.cpcdn.com/steps/1de41dd426b3b9cf/160x128cq70/tort-miedovyi-pukh-ili-miedovik-%D1%88%D0%B0%D0%B3-%D0%BF%D1%80%D0%B8%D0%B3%D0%BE%D1%82%D0%BE%D0%B2%D0%BB%D0%B5%D0%BD%D0%B8%D1%8F-12.jpg\" style=\"height:128px; width:160px\" /></a></p>\r\n	</li>\r\n	<li>\r\n	<p>Торт &quot;Медовик&quot; (или &quot;Медовый пух&quot;) получается сладким, нежным, с восхитительным ароматом меда, очень-очень мягким, и нарезается как масло. Изумительно вкусный!</p>\r\n\r\n	<p>Нарезаем торт на порционные кусочки, завариваем вкусный чай и наслаждаемся самым вкусным медовиком! Приятного аппетита и удачной вам выпечки!</p>\r\n\r\n	<p><a href=\"https://cookpad.com/ru/step_attachment/images/b18e360d11f0a5dc\"><img alt=\"Торт &quot;Медовый пух&quot;, или &quot;Медовик&quot; - 13 фото\" src=\"https://img-global.cpcdn.com/steps/b18e360d11f0a5dc/160x128cq70/tort-miedovyi-pukh-ili-miedovik-%D1%88%D0%B0%D0%B3-%D0%BF%D1%80%D0%B8%D0%B3%D0%BE%D1%82%D0%BE%D0%B2%D0%BB%D0%B5%D0%BD%D0%B8%D1%8F-13.jpg\" style=\"height:128px; width:160px\" /></a></p>\r\n	</li>\r\n</ol>\r\n', '2020-06-13 14:02:58', '2020-06-15 14:44:18', 2, 2, 4, 1, 2, '<table style=\"width:500px\">\r\n	<tbody>\r\n	</tbody>\r\n	<caption>Ингредиенты</caption>\r\n	<thead>\r\n		<tr>\r\n			<th scope=\"col\">Для медовых коржей:</th>\r\n			<th scope=\"col\">Для заварного крема:</th>\r\n		</tr>\r\n	</thead>\r\n	<tbody>\r\n		<tr>\r\n			<td>2шт. яйца</td>\r\n			<td>2 ст. л. мед</td>\r\n		</tr>\r\n		<tr>\r\n			<td>1ст. сахар (250 г.)</td>\r\n			<td>3-4ст. мука (500-550 г.)</td>\r\n		</tr>\r\n		<tr>\r\n			<td>50 г.сливочное масло</td>\r\n			<td>1 ч.л сода</td>\r\n		</tr>\r\n		<tr>\r\n			<td>500 мл.молоко</td>\r\n			<td>2шт. яйца</td>\r\n		</tr>\r\n		<tr>\r\n			<td>2 ст. л. (50 г.)мука</td>\r\n			<td>150-200 г.сахар</td>\r\n		</tr>\r\n		<tr>\r\n			<td>100 г.сливочное масло</td>\r\n			<td>1шт. ванильный сахар</td>\r\n		</tr>\r\n	</tbody>\r\n</table>\r\n\r\n<p><br />\r\n&nbsp;</p>\r\n\r\n<p>&nbsp;</p>\r\n\r\n<p>&nbsp;</p>\r\n', ''),
(11, 'Наполеон классический', 'uploads/napoleonclassic.jpg', '<p>Торт Наполеон</p>\r\n\r\n<p>Торт Наполеон готовится из слоёного теста с кремовой прослойкой.</p>\r\n', '<p>Пошаговый рецепт приготовления: Торт Наполеон</p>\r\n\r\n<ul>\r\n	<li>\r\n	<p><a href=\"javascript:;\">Шаг 1</a></p>\r\n\r\n	<p><img src=\"https://www.videoculinary.ru/wp-content/uploads/2011/06/tort-napoleon_1.jpg\" /></p>\r\n\r\n	<p>Приготовим слоеное тесто для торта Наполеон.&nbsp;<a href=\"https://www.videoculinary.ru/recipe/sloyonoe-testo/\">Мы будем готовить слоеное тесто быстрого приготовления</a>. Прежде всего приготовим жидкость. В мерную кружку разбиваем 2 яйца, добавляем одну чайную ложку соли, 1,5 столовые ложки 5-7% уксуса, перемешиваем. Добавляем, приблизительно, 220 миллилитров ледяной воды и всё хорошо перемешиваем. Всего у нас должно получиться 375 миллилитров жидкости. Ставим жидкость в холодильник.</p>\r\n	</li>\r\n	<li>\r\n	<p><a href=\"javascript:;\">Шаг 2</a></p>\r\n\r\n	<p><img src=\"https://www.videoculinary.ru/wp-content/uploads/2011/06/tort-napoleon_2.jpg\" /></p>\r\n\r\n	<p>На стол высыпаем 750 граммов просеянной муки. Всё время окуная замороженное сливочное масло или маргарин в муку, натираем его на крупной тёрке. Слегка перемешиваем натёртый маргарин с мукой. Всего нам понадобится натереть 600 граммов замороженного сливочного масла или маргарина.</p>\r\n	</li>\r\n	<li>\r\n	<p><a href=\"javascript:;\">Шаг 3</a></p>\r\n\r\n	<p><img src=\"https://www.videoculinary.ru/wp-content/uploads/2011/06/tort-napoleon_3.jpg\" /></p>\r\n\r\n	<p>Натёртый маргарин с мукой собираем горкой, делаем углубление. Вынимаем из холодильника подготовленную жидкость, наливаем в углубление. Быстро замешиваем слоёное тесто. Тесто нельзя месить. Аккуратно поднимаем тесто с разных сторон к середине, складываем слоями и прижимаем. Убираем тестяной ком в сторонку и собираем остатки, добавляя их к основному куску теста.</p>\r\n	</li>\r\n	<li>\r\n	<p><a href=\"javascript:;\">Шаг 4</a></p>\r\n\r\n	<p><img src=\"https://www.videoculinary.ru/wp-content/uploads/2011/06/tort-napoleon_4.jpg\" /></p>\r\n\r\n	<p>Быстро замешиваем слоёное тесто. Тесто нельзя месить. Аккуратно поднимаем тесто с разных сторон к середине, складываем слоями и прижимаем. Убираем тестяной ком в сторонку и собираем остатки, добавляя их к основному куску теста.</p>\r\n	</li>\r\n	<li>\r\n	<p><a href=\"javascript:;\">Шаг 5</a></p>\r\n\r\n	<p><img src=\"https://www.videoculinary.ru/wp-content/uploads/2011/06/tort-napoleon_5.jpg\" /></p>\r\n\r\n	<p>Придаём тесту прямоугольную форму, кладём в целлофановый пакет и отправляем, минимум, на 2 часа в холодильник, лучше выдержать тесто в холодильнике 10-12 часов. Слоеное тесто для торта Наполеон готово. Слоёное тесто быстрого приготовления можно хранить в холодильнике несколько дней, а в морозильнике несколько месяцев. Размораживать слоёное тесто лучше в холодильнике.</p>\r\n	</li>\r\n	<li>\r\n	<p><a href=\"javascript:;\">Шаг 6</a></p>\r\n\r\n	<p><img src=\"https://www.videoculinary.ru/wp-content/uploads/2011/06/tort-napoleon_6.jpg\" /></p>\r\n\r\n	<p>Приготовим&nbsp;<a href=\"https://www.videoculinary.ru/recipe/zavarnoj-krem/\">заварной крем</a>&nbsp;для торта Наполеон. Кастрюлю ополаскиваем холодной водой, наливаем в нее один литр молока, добавляем 320 граммов сахара. Ставим кастрюлю на большой огонь, все время перемешиваем до полного растворения сахара, уменьшаем огонь до среднего и оставляем молоко нагреваться. В миску разбиваем 4 яйца, добавляем 120 граммов муки, перемешиваем миксером (не взбиваем, только перемешиваем) до образования однородной смеси.</p>\r\n	</li>\r\n	<li>\r\n	<p><a href=\"javascript:;\">Шаг 7</a></p>\r\n\r\n	<p><img src=\"https://www.videoculinary.ru/wp-content/uploads/2011/06/tort-napoleon_7.jpg\" /></p>\r\n\r\n	<p>Вливаем в смесь два половника горячего молока с сахаром, перемешиваем, добавляем еще 2 половника молока, перемешиваем и возвращаем полученную смесь в кастрюлю. Ставим кастрюлю на огонь и, все время перемешивая венчиком, варим крем до загустения.</p>\r\n	</li>\r\n	<li>\r\n	<p><a href=\"javascript:;\">Шаг 8</a></p>\r\n\r\n	<p><img src=\"https://www.videoculinary.ru/wp-content/uploads/2011/06/tort-napoleon_8.jpg\" /></p>\r\n\r\n	<p>Снимаем с огня. Добавляем в крем 20 граммов сливочного масла, перемешиваем, переливаем крем в миску, накрываем пищевой пленкой и оставляем остывать до комнатной температуры.</p>\r\n	</li>\r\n	<li>\r\n	<p><a href=\"javascript:;\">Шаг 9</a></p>\r\n\r\n	<p><img src=\"https://www.videoculinary.ru/wp-content/uploads/2011/06/tort-napoleon_9.jpg\" /></p>\r\n\r\n	<p>Приступаем к выпеканию коржей для торта Наполеон. Вынимаем тесто из холодильника. Делим подготовленное тесто на 3 неравные части: две одинаковые побольше и одну поменьше. Мы будем выпекать два коржа размером 40X60 сантиметров, а после выпечки разделим их пополам, и еще один корж меньшего размера для посыпки. Если размер вашего противня 30X40 сантиметров, то, соответственно, нужно испечь 4 коржа для торта Наполеон и корж для посыпки.</p>\r\n	</li>\r\n	<li>\r\n	<p><a href=\"javascript:;\">Шаг 10</a></p>\r\n\r\n	<p><img src=\"https://www.videoculinary.ru/wp-content/uploads/2011/06/tort-napoleon_10.jpg\" /></p>\r\n\r\n	<p>На стол, присыпанный мукой, кладем один кусок теста. Тесто и скалку тоже присыпаем мукой. Раскатываем тесто в пласт, толщиной, приблизительно, 3-4 миллиметра, по размеру противня. Противень по периметру протираем влажной салфеткой и при помощи скалки выкладываем на него раскатанное тесто, края слегка прижимаем. Излишки теста обрезаем и добавляем к той части теста, из которой будем выпекать корж для посыпки торта Наполеон.</p>\r\n	</li>\r\n	<li>\r\n	<p><a href=\"javascript:;\">Шаг 11</a></p>\r\n\r\n	<p><img src=\"https://www.videoculinary.ru/wp-content/uploads/2011/06/tort-napoleon_11.jpg\" /></p>\r\n\r\n	<p>На корже делаем маленькие надрезы ножом. Выпекаем коржи для Наполеона в заранее разогретой духовке при температуре 200-220 градусов Цельсия, приблизительно, 20 минут. Для того, чтобы проверить готовность коржа, приподнимаем край коржа - если корж не прогибается, он готов. Готовые коржи вынимаем из духовки и выкладываем на деревянную доску, даем остыть. Также выпекаем оставшиеся коржи. Корж для посыпки выпекаем на несколько минут дольше.</p>\r\n	</li>\r\n	<li>\r\n	<p><a href=\"javascript:;\">Шаг 12</a></p>\r\n\r\n	<p><img src=\"https://www.videoculinary.ru/wp-content/uploads/2011/06/tort-napoleon_12.jpg\" /></p>\r\n\r\n	<p>Заварной крем остыл до комнатной температуры. Приготовим&nbsp;<a href=\"https://www.videoculinary.ru/recipe/krem-maslyani-zavarnoi/\">масляный заварной крем</a>&nbsp;для торта Наполеон. В миску миксера кладем 300 граммов мягкого сливочного масла, взбиваем добела. Можно положить немного меньше или больше масла, по вашему вкусу. Во взбитое масло, понемногу добавляем заварной крем, каждый раз взбивая в плотную массу. В процессе взбивания добавляем 10-15 граммов ванильного сахара и один раз снимаем крем со стенок миксера. Взбиваем до получения пышного крема. Масляный заварной крем и коржи для торта Наполеон готовы.</p>\r\n	</li>\r\n	<li>\r\n	<p><a href=\"javascript:;\">Шаг 13</a></p>\r\n\r\n	<p><img src=\"https://www.videoculinary.ru/wp-content/uploads/2011/06/tort-napoleon_13.jpg\" /></p>\r\n\r\n	<p>Собираем торт Наполеон. Разрезаем коржи для торта Наполеон пополам, таким образом, у нас получается 4 коржа размером, приблизительно, 30X40 сантиметров. Кладем один корж на доску, выкладываем на него четвертую часть подготовленного крема, разравниваем. Кладем второй корж гладкой стороной вверх, смазываем его четвертой частью крема и так далее. Последний, четвертый корж кладем гладкой стороной вверх и смазываем бока и верх торта оставшимся кремом.</p>\r\n	</li>\r\n	<li>\r\n	<p><a href=\"javascript:;\">Шаг 14</a></p>\r\n\r\n	<p><img src=\"https://www.videoculinary.ru/wp-content/uploads/2011/06/tort-napoleon_14.jpg\" /></p>\r\n\r\n	<p>Приготовим посыпку для торта Наполеон. Корж, который мы выпекали для посыпки измельчаем в крошку. Добавляем столовую ложку ванильной сахарной пудры, перемешиваем и обсыпаем бока и верх торта подготовленной крошкой. Сахарную пудру можно купить в магазине или приготовить дома.&nbsp;<a href=\"https://www.videoculinary.ru/recipe/saharnaya-pudra/\" target=\"_blank\">Рецепт приготовления сахарной пудры</a>&nbsp;есть на нашем сайте в разделе&nbsp;<a href=\"https://www.videoculinary.ru/recipe-category/kulinarnye-hitrosti/\" target=\"_blank\">Кулинарные хитрости</a>.</p>\r\n	</li>\r\n	<li>\r\n	<p><a href=\"javascript:;\">Шаг 15</a></p>\r\n\r\n	<p><img src=\"https://www.videoculinary.ru/wp-content/uploads/2011/06/tort-napoleon_15.jpg\" /></p>\r\n\r\n	<p>Верх торта дополнительно посыпаем одной-двумя столовыми ложками сахарной пудры. Такое украшение торта Наполеон является классическим. Можно, также, украсить торт Наполеон ягодами: малиной, клубникой, виноградом, можно сделать розочки из крема. Различные способы украшения тортов вы найдете на нашем сайте&nbsp;<a href=\"https://www.videoculinary.ru/\">www.videoculinary.ru</a>&nbsp;в разделе&nbsp;<a href=\"https://www.videoculinary.ru/recipe-category/ukrashenie-tortov/\" target=\"_blank\">Украшение тортов</a>.</p>\r\n	</li>\r\n	<li>\r\n	<p><a href=\"javascript:;\">Шаг 16</a></p>\r\n\r\n	<p><img src=\"https://www.videoculinary.ru/wp-content/uploads/2011/06/tort-napoleon_16.jpg\" /></p>\r\n\r\n	<p>Готовый торт Наполеон перекладываем на блюдо, на котором будем его подавать, или нарезаем на куски и подаем как отдельные пирожные. Нарезать торт Наполеон лучше всего острым ножом-пилкой, который используют для нарезки хлеба. При этом на нож не нужно давить, торт нужно распилить.</p>\r\n	</li>\r\n	<li>\r\n	<p><a href=\"javascript:;\">Шаг 17</a></p>\r\n\r\n	<p><img src=\"https://www.videoculinary.ru/wp-content/uploads/2011/06/tort-napoleon_17.jpg\" /></p>\r\n\r\n	<p>Торт Наполеон можно приготовить с фруктовой прослойкой.&nbsp;<a href=\"https://www.videoculinary.ru/recipe/napoleon-yablaka/\" target=\"_blank\">Рецепт торта Наполеон с яблочной прослойкой</a>&nbsp;вы найдете на нашем сайте&nbsp;<a href=\"https://www.videoculinary.ru/\" target=\"_blank\">www.videoculinary.ru</a>&nbsp;в разделе&nbsp;<a href=\"https://www.videoculinary.ru/recipe-category/torty-i-pirozhnye/\" target=\"_blank\">Торты и пирожные</a>. Готовый торт Наполеон ставим в холодильник и вынимаем за один час до подачи. Подаем по-настоящему праздничный, всегда желанный, всеми любимый торт Наполеон к сладкому столу с чаем или с кофе.</p>\r\n	</li>\r\n</ul>\r\n', '2020-06-13 15:54:23', '2020-06-15 14:44:51', 3, 2, 1, 1, 2, '<table border=\"0\" cellpadding=\"5\" cellspacing=\"1\" style=\"width:auto\">\r\n	<caption>Ингредиенты</caption>\r\n	<thead>\r\n		<tr>\r\n			<th scope=\"col\">Тесто для торта:</th>\r\n			<th scope=\"col\">Крем для торта:</th>\r\n		</tr>\r\n	</thead>\r\n	<tbody>\r\n		<tr>\r\n			<td>Мука - 750 грамм</td>\r\n			<td>Яйца - 4 штуки</td>\r\n		</tr>\r\n		<tr>\r\n			<td>Молоко - 1 литр</td>\r\n			<td>Соль - 1 чайная ложка</td>\r\n		</tr>\r\n		<tr>\r\n			<td>Слив. масло или маргарин - 600 гр</td>\r\n			<td>Мука - 120 грамм</td>\r\n		</tr>\r\n		<tr>\r\n			<td>Сахар - 300 грамм</td>\r\n			<td>Уксус 5-7% - 1,5 столовые ложки</td>\r\n		</tr>\r\n		<tr>\r\n			<td>Яйца - 2 штуки</td>\r\n			<td>Сливочное масло - 320 грамм</td>\r\n		</tr>\r\n		<tr>\r\n			<td>Ванильный сахар - 10-15 грамм</td>\r\n			<td>Вода - приблизительно 220 мл</td>\r\n		</tr>\r\n	</tbody>\r\n</table>\r\n\r\n<p>&nbsp;</p>\r\n\r\n<p>&nbsp;</p>\r\n\r\n<p>&nbsp;</p>\r\n', ''),
(12, 'Норка крота', 'uploads/norka.jpg', '<p>Торт Норка крота -очень вкусный, он состоит из шоколадного бисквита, начинки из творожно-сливочного крема, и бананов.</p>\r\n', '<p>Подготовьте продукты для торта &quot;Норка крота&quot;.</p>\r\n\r\n<p><a href=\"https://img1.russianfood.com/dycontent/images_upl/242/big_241892.jpg\" target=\"_blank\"><img alt=\"Фото приготовления рецепта: Торт &quot;Норка крота&quot; - шаг №2\" src=\"https://img1.russianfood.com/dycontent/images_upl/242/sm_241892.jpg\" /></a></p>\r\n\r\n<p>Яйца разделите на белки и желтки. Желтки взбейте миксером 30 секунд, затем, постепенно вливая кипяток, взбивайте желтковую смесь до пышной пены ещё примерно 30 секунд. В получившуюся желтковую пену всыпьте сахар.</p>\r\n\r\n<p><a href=\"https://img1.russianfood.com/dycontent/images_upl/242/big_241893.jpg\" target=\"_blank\"><img alt=\"Фото приготовления рецепта: Торт &quot;Норка крота&quot; - шаг №3\" src=\"https://img1.russianfood.com/dycontent/images_upl/242/sm_241893.jpg\" /></a></p>\r\n\r\n<p>Взбейте смесь с сахаром до получения плотной, но всё ещё пышной массы. В другой ёмкости взбейте белки до устойчивых пиков. Добавьте половину взбитых белков в желтковую смесь.</p>\r\n\r\n<p><a href=\"https://img1.russianfood.com/dycontent/images_upl/242/big_241894.jpg\" target=\"_blank\"><img alt=\"Фото приготовления рецепта: Торт &quot;Норка крота&quot; - шаг №4\" src=\"https://img1.russianfood.com/dycontent/images_upl/242/sm_241894.jpg\" /></a></p>\r\n\r\n<p>Аккуратно вмешайте белки. Добавьте оставшиеся белки и также аккуратно вмешайте их.</p>\r\n\r\n<p><a href=\"https://img1.russianfood.com/dycontent/images_upl/242/big_241895.jpg\" target=\"_blank\"><img alt=\"Фото приготовления рецепта: Торт &quot;Норка крота&quot; - шаг №5\" src=\"https://img1.russianfood.com/dycontent/images_upl/242/sm_241895.jpg\" /></a></p>\r\n\r\n<p>В другой миске соедините муку, разрыхлитель и какао, перемешайте.</p>\r\n\r\n<p><a href=\"https://img1.russianfood.com/dycontent/images_upl/242/big_241896.jpg\" target=\"_blank\"><img alt=\"Фото приготовления рецепта: Торт &quot;Норка крота&quot; - шаг №6\" src=\"https://img1.russianfood.com/dycontent/images_upl/242/sm_241896.jpg\" /></a></p>\r\n\r\n<p>Просейте в 2 подхода смесь сухих ингредиентов в миску с яично-сахарной смесью.</p>\r\n\r\n<p><a href=\"https://img1.russianfood.com/dycontent/images_upl/242/big_241897.jpg\" target=\"_blank\"><img alt=\"Фото приготовления рецепта: Торт &quot;Норка крота&quot; - шаг №7\" src=\"https://img1.russianfood.com/dycontent/images_upl/242/sm_241897.jpg\" /></a></p>\r\n\r\n<p>Замешайте бисквитное тесто круговыми движениями лопаткой снизу вверх.</p>\r\n\r\n<p><a href=\"https://img1.russianfood.com/dycontent/images_upl/242/big_241898.jpg\" target=\"_blank\"><img alt=\"Фото приготовления рецепта: Торт &quot;Норка крота&quot; - шаг №8\" src=\"https://img1.russianfood.com/dycontent/images_upl/242/sm_241898.jpg\" /></a></p>\r\n\r\n<p>Переложите тесто в форму, на дно которой выложите пергамент для выпечки. Я использовала разъёмную форму диаметром 17 см.</p>\r\n\r\n<p><a href=\"https://img1.russianfood.com/dycontent/images_upl/242/big_241900.jpg\" target=\"_blank\"><img alt=\"Фото приготовления рецепта: Торт &quot;Норка крота&quot; - шаг №9\" src=\"https://img1.russianfood.com/dycontent/images_upl/242/sm_241900.jpg\" /></a></p>\r\n\r\n<p>Печь шоколадный бисквит для торта нужно в разогретой до 180 градусов духовке около 35 минут. Готовый бисквит полностью остудите.</p>\r\n\r\n<p><a href=\"https://img1.russianfood.com/dycontent/images_upl/242/big_241904.jpg\" target=\"_blank\"><img alt=\"Фото приготовления рецепта: Торт &quot;Норка крота&quot; - шаг №10\" src=\"https://img1.russianfood.com/dycontent/images_upl/242/sm_241904.jpg\" /></a></p>\r\n\r\n<p>Теперь, когда бисквит остыл, займитесь приготовлением крема - наполнения для торта &quot;Норка крота&quot;. Желатин залейте холодной водой и оставьте на 5 минут.</p>\r\n\r\n<p><a href=\"https://img1.russianfood.com/dycontent/images_upl/242/big_241902.jpg\" target=\"_blank\"><img alt=\"Фото приготовления рецепта: Торт &quot;Норка крота&quot; - шаг №11\" src=\"https://img1.russianfood.com/dycontent/images_upl/242/sm_241902.jpg\" /></a></p>\r\n\r\n<p>Жирные сливки взбейте с сахарной пудрой до устойчивых пиков.</p>\r\n\r\n<p><a href=\"https://img1.russianfood.com/dycontent/images_upl/242/big_241903.jpg\" target=\"_blank\"><img alt=\"Фото приготовления рецепта: Торт &quot;Норка крота&quot; - шаг №12\" src=\"https://img1.russianfood.com/dycontent/images_upl/242/sm_241903.jpg\" /></a></p>\r\n\r\n<p>В чашу кухонного комбайна переложите жирный мягкий творог, добавьте к нему пару ложек взбитых сливок.</p>\r\n\r\n<p><a href=\"https://img1.russianfood.com/dycontent/images_upl/242/big_241905.jpg\" target=\"_blank\"><img alt=\"Фото приготовления рецепта: Торт &quot;Норка крота&quot; - шаг №13\" src=\"https://img1.russianfood.com/dycontent/images_upl/242/sm_241905.jpg\" /></a></p>\r\n\r\n<p>Измельчите творог со сливками до однородности.</p>\r\n\r\n<p><a href=\"https://img1.russianfood.com/dycontent/images_upl/242/big_241907.jpg\" target=\"_blank\"><img alt=\"Фото приготовления рецепта: Торт &quot;Норка крота&quot; - шаг №14\" src=\"https://img1.russianfood.com/dycontent/images_upl/242/sm_241907.jpg\" /></a></p>\r\n\r\n<p>Набухший желатин растворите в микроволновке или на водяной бане, перемешайте и убедитесь, что не осталось комочков. В желатиновую смесь добавьте ложку взбитых сливок, перемешайте.</p>\r\n\r\n<p><a href=\"https://img1.russianfood.com/dycontent/images_upl/242/big_241908.jpg\" target=\"_blank\"><img alt=\"Фото приготовления рецепта: Торт &quot;Норка крота&quot; - шаг №15\" src=\"https://img1.russianfood.com/dycontent/images_upl/242/sm_241908.jpg\" /></a></p>\r\n\r\n<p>Выложите творожную массу в ёмкость со взбитыми сливками.</p>\r\n\r\n<p><a href=\"https://img1.russianfood.com/dycontent/images_upl/242/big_241909.jpg\" target=\"_blank\"><img alt=\"Фото приготовления рецепта: Торт &quot;Норка крота&quot; - шаг №16\" src=\"https://img1.russianfood.com/dycontent/images_upl/242/sm_241909.jpg\" /></a></p>\r\n\r\n<p>Сюда же перелейте сливки с желатином.</p>\r\n\r\n<p><a href=\"https://img1.russianfood.com/dycontent/images_upl/242/big_241910.jpg\" target=\"_blank\"><img alt=\"Фото приготовления рецепта: Торт &quot;Норка крота&quot; - шаг №17\" src=\"https://img1.russianfood.com/dycontent/images_upl/242/sm_241910.jpg\" /></a></p>\r\n\r\n<p>И добавьте шоколадную крошку (шоколад, натёртый на крупной тёрке).</p>\r\n\r\n<p><a href=\"https://img1.russianfood.com/dycontent/images_upl/242/big_241911.jpg\" target=\"_blank\"><img alt=\"Фото приготовления рецепта: Торт &quot;Норка крота&quot; - шаг №18\" src=\"https://img1.russianfood.com/dycontent/images_upl/242/sm_241911.jpg\" /></a></p>\r\n\r\n<p>Перемешайте творожный крем до однородности.</p>\r\n\r\n<p><a href=\"https://img1.russianfood.com/dycontent/images_upl/242/big_241906.jpg\" target=\"_blank\"><img alt=\"Фото приготовления рецепта: Торт &quot;Норка крота&quot; - шаг №19\" src=\"https://img1.russianfood.com/dycontent/images_upl/242/sm_241906.jpg\" /></a></p>\r\n\r\n<p>У бисквита срежьте верхушку и рукой извлеките мякиш так, чтобы получилась &quot;коробочка&quot;.</p>\r\n\r\n<p><a href=\"https://img1.russianfood.com/dycontent/images_upl/242/big_241912.jpg\" target=\"_blank\"><img alt=\"Фото приготовления рецепта: Торт &quot;Норка крота&quot; - шаг №20\" src=\"https://img1.russianfood.com/dycontent/images_upl/242/sm_241912.jpg\" /></a></p>\r\n\r\n<p>На дно этой бисквитной &quot;коробочки&quot; выложите кусочки банана.</p>\r\n\r\n<p><a href=\"https://img1.russianfood.com/dycontent/images_upl/242/big_241913.jpg\" target=\"_blank\"><img alt=\"Фото приготовления рецепта: Торт &quot;Норка крота&quot; - шаг №21\" src=\"https://img1.russianfood.com/dycontent/images_upl/242/sm_241913.jpg\" /></a></p>\r\n\r\n<p>Затем выложите весь творожно-сливочный крем.</p>\r\n\r\n<p><a href=\"https://img1.russianfood.com/dycontent/images_upl/242/big_241914.jpg\" target=\"_blank\"><img alt=\"Фото приготовления рецепта: Торт &quot;Норка крота&quot; - шаг №22\" src=\"https://img1.russianfood.com/dycontent/images_upl/242/sm_241914.jpg\" /></a></p>\r\n\r\n<p>Мякиш шоколадного бисквита измельчите в крошку, выложите на крем холмиком и ладонями аккуратно со всех сторон примните, чтобы крошка держалась.</p>\r\n\r\n<p><a href=\"https://img1.russianfood.com/dycontent/images_upl/242/big_241916.jpg\" target=\"_blank\"><img alt=\"Фото приготовления рецепта: Торт &quot;Норка крота&quot; - шаг №23\" src=\"https://img1.russianfood.com/dycontent/images_upl/242/sm_241916.jpg\" /></a></p>\r\n\r\n<p>Поставьте торт в холодильник на ночь или часов на 6. По желанию перед подачей торт можно дополнительно украсить какао-порошком, шоколадной стружкой, кондитерскими посыпками.</p>\r\n\r\n<p><a href=\"https://img1.russianfood.com/dycontent/images_upl/242/big_241918.jpg\" target=\"_blank\"><img alt=\"Фото приготовления рецепта: Торт &quot;Норка крота&quot; - шаг №24\" src=\"https://img1.russianfood.com/dycontent/images_upl/242/sm_241918.jpg\" /></a></p>\r\n\r\n<p>Теперь торт &quot;Норка крота&quot; готов к подаче. Приятного аппетита!</p>\r\n', '2020-06-13 17:42:39', '2020-06-14 15:14:16', 2, 2, 2, 1, 2, '<table border=\"0\" cellpadding=\"5\" cellspacing=\"1\" style=\"width:auto\">\r\n	<caption>Ингредиенты</caption>\r\n	<thead>\r\n		<tr>\r\n			<th scope=\"col\">Для теста:</th>\r\n			<th scope=\"col\">Для начинки:</th>\r\n		</tr>\r\n	</thead>\r\n	<tbody>\r\n		<tr>\r\n			<td>Яйцо - 3 шт.</td>\r\n			<td>Для начинки:</td>\r\n		</tr>\r\n		<tr>\r\n			<td>Мука - 180 г</td>\r\n			<td>Творог жирный, мягкий - 300 г</td>\r\n		</tr>\r\n		<tr>\r\n			<td>Сахар - 180 г</td>\r\n			<td>Сливки не менее 33 % жирности - 150 г</td>\r\n		</tr>\r\n		<tr>\r\n			<td>Какао-порошок - 1 ст. л.</td>\r\n			<td>Банан - 1,5 шт.</td>\r\n		</tr>\r\n		<tr>\r\n			<td>Разрыхлитель - 1 ч. л.</td>\r\n			<td>Сахарная пудра - 3 ст. л.</td>\r\n		</tr>\r\n		<tr>\r\n			<td>Вода - 4 ст. л.</td>\r\n			<td>Шоколад чёрный или молочный - 40 г</td>\r\n		</tr>\r\n	</tbody>\r\n</table>\r\n\r\n<p>&nbsp;</p>\r\n', ''),
(13, 'Торт Прага', 'uploads/praga.jpg', '<p>Торт &quot;Прага&quot; &ndash; очень популярный шоколадный торт, любимый и взрослыми, и детьми.</p>\r\n', '<p>Подготавливаем продукты для пражского торта.</p>\r\n\r\n<p><a href=\"https://img1.russianfood.com/dycontent/images_upl/217/big_216033.jpg\" target=\"_blank\"><img alt=\"Фото приготовления рецепта: Пражский торт (торт &quot;Прага&quot;) - шаг №2\" src=\"https://img1.russianfood.com/dycontent/images_upl/217/sm_216033.jpg\" /></a></p>\r\n\r\n<p>В миску кладём сгущённое молоко и какао, тщательно перемешиваем. Добавляем по одному яйца, перемешиваем до получения однородной массы. Добавляем сахар и ванильный сахар, перемешиваем.</p>\r\n\r\n<p><a href=\"https://img1.russianfood.com/dycontent/images_upl/217/big_216034.jpg\" target=\"_blank\"><img alt=\"Фото приготовления рецепта: Пражский торт (торт &quot;Прага&quot;) - шаг №3\" src=\"https://img1.russianfood.com/dycontent/images_upl/217/sm_216034.jpg\" /></a></p>\r\n\r\n<p>Добавляем 0,5 килограмма сметаны и перемешиваем.</p>\r\n\r\n<p><a href=\"https://img1.russianfood.com/dycontent/images_upl/217/big_216035.jpg\" target=\"_blank\"><img alt=\"Фото приготовления рецепта: Пражский торт (торт &quot;Прага&quot;) - шаг №4\" src=\"https://img1.russianfood.com/dycontent/images_upl/217/sm_216035.jpg\" /></a></p>\r\n\r\n<p>Добавляем просеянную муку для выпечки (или обычную муку с разрыхлителем) и хорошо размешиваем до исчезновения комочков, тесто должно получиться гладким и блестящим.</p>\r\n\r\n<p><a href=\"https://img1.russianfood.com/dycontent/images_upl/217/big_216550.jpg\" target=\"_blank\"><img alt=\"Фото приготовления рецепта: Пражский торт (торт &quot;Прага&quot;) - шаг №5\" src=\"https://img1.russianfood.com/dycontent/images_upl/217/sm_216550.jpg\" /></a></p>\r\n\r\n<p>Выливаем тесто в две разъёмные формы диаметром 28 сантиметров, выстеленные бумагой для выпечки.<br />\r\nВыпекаем коржи в заранее разогретой духовке при температуре 180 градусов Цельсия 35-40 минут.</p>\r\n\r\n<p><a href=\"https://img1.russianfood.com/dycontent/images_upl/217/big_216037.jpg\" target=\"_blank\"><img alt=\"Фото приготовления рецепта: Пражский торт (торт &quot;Прага&quot;) - шаг №6\" src=\"https://img1.russianfood.com/dycontent/images_upl/217/sm_216037.jpg\" /></a></p>\r\n\r\n<p>Проверяем готовность коржей деревянной палочкой. Втыкаем её в корж и сразу вытаскиваем - если палочка сухая и чистая, корж готов.</p>\r\n\r\n<p><a href=\"https://img1.russianfood.com/dycontent/images_upl/217/big_216038.jpg\" target=\"_blank\"><img alt=\"Фото приготовления рецепта: Пражский торт (торт &quot;Прага&quot;) - шаг №7\" src=\"https://img1.russianfood.com/dycontent/images_upl/217/sm_216038.jpg\" /></a></p>\r\n\r\n<p>Выкладываем коржи на деревянные доски, удаляем бумагу и оставляем на 5 часов.</p>\r\n\r\n<p><a href=\"https://img1.russianfood.com/dycontent/images_upl/217/big_216039.jpg\" target=\"_blank\"><img alt=\"Фото приготовления рецепта: Пражский торт (торт &quot;Прага&quot;) - шаг №8\" src=\"https://img1.russianfood.com/dycontent/images_upl/217/sm_216039.jpg\" /></a></p>\r\n\r\n<p>Для крема мягкое сливочное масло взбиваем в миксере на высокой скорости добела, уменьшаем скорость и постепенно всыпаем какао. Увеличиваем скорость и взбиваем ещё 2 минуты.</p>\r\n\r\n<p><a href=\"https://img1.russianfood.com/dycontent/images_upl/217/big_216040.jpg\" target=\"_blank\"><img alt=\"Фото приготовления рецепта: Пражский торт (торт &quot;Прага&quot;) - шаг №9\" src=\"https://img1.russianfood.com/dycontent/images_upl/217/sm_216040.jpg\" /></a></p>\r\n\r\n<p>Добавляем пакетик ванильного сахара и, продолжая взбивать, постепенно вливаем сгущённое молоко.</p>\r\n\r\n<p><a href=\"https://img1.russianfood.com/dycontent/images_upl/217/big_216041.jpg\" target=\"_blank\"><img alt=\"Фото приготовления рецепта: Пражский торт (торт &quot;Прага&quot;) - шаг №10\" src=\"https://img1.russianfood.com/dycontent/images_upl/217/sm_216041.jpg\" /></a></p>\r\n\r\n<p>Крем должен получиться пышным и при наклоне миски не сползать.</p>\r\n\r\n<p><a href=\"https://img1.russianfood.com/dycontent/images_upl/217/big_216043.jpg\" target=\"_blank\"><img alt=\"Фото приготовления рецепта: Пражский торт (торт &quot;Прага&quot;) - шаг №11\" src=\"https://img1.russianfood.com/dycontent/images_upl/217/sm_216043.jpg\" /></a></p>\r\n\r\n<p>Сборка и украшения торта: корж кладём в разъёмную форму ровной стороной вниз. Выкладываем половину крема на корж и равномерно распределяем крем.</p>\r\n\r\n<p><a href=\"https://img1.russianfood.com/dycontent/images_upl/217/big_216044.jpg\" target=\"_blank\"><img alt=\"Фото приготовления рецепта: Пражский торт (торт &quot;Прага&quot;) - шаг №12\" src=\"https://img1.russianfood.com/dycontent/images_upl/217/sm_216044.jpg\" /></a></p>\r\n\r\n<p>Накрываем вторым коржом ровной стороной вверх, слегка смазываем кремом.<br />\r\nПереворачиваем на блюдо и удаляем разъёмную форму. Оставшимся кремом равномерно покрываем весь торт &quot;Прага&quot;.</p>\r\n', '2020-06-14 17:02:34', '2020-06-14 17:08:30', 2, 2, 4, 1, 2, '<table border=\"0\" cellpadding=\"5\" cellspacing=\"1\">\r\n	<caption>Ингредиенты</caption>\r\n	<tbody>\r\n		<tr>\r\n			<td>Для теста:</td>\r\n			<td>Для крема:</td>\r\n		</tr>\r\n		<tr>\r\n			<td>Мука для выпечки и чайная ложка разрыхлителя - 2 стакана</td>\r\n			<td>Масло сливочное - 300 г</td>\r\n		</tr>\r\n		<tr>\r\n			<td>Молоко сгущенное - 400 г</td>\r\n			<td>Молоко сгущенное - 400 г</td>\r\n		</tr>\r\n		<tr>\r\n			<td>Сахар - 2 стакана</td>\r\n			<td>Какао-порошок - 4 ст. ложки</td>\r\n		</tr>\r\n		<tr>\r\n			<td>Какао-порошок - 4 ст. ложки</td>\r\n			<td>Сахар ванильный - 1 пакетик</td>\r\n		</tr>\r\n		<tr>\r\n			<td>Яйца - 4 шт.</td>\r\n			<td>&nbsp;</td>\r\n		</tr>\r\n		<tr>\r\n			<td>Сметана - 0,5 л</td>\r\n			<td>&nbsp;</td>\r\n		</tr>\r\n		<tr>\r\n			<td>Сахар ванильный - 1 пакетик</td>\r\n			<td>&nbsp;</td>\r\n		</tr>\r\n	</tbody>\r\n</table>\r\n\r\n<p>&nbsp;</p>\r\n', ''),
(14, 'Торт Рафаэлло', 'uploads/rafaelo.jpg', '<p>Безумно нежный, легкий, воздушный торт &quot;Рафаэлло&quot;. Настоятельно рекомендую его приготовить</p>\r\n', '<p>Подготавливаем продукты для бисквита.</p>\r\n\r\n<p><a href=\"https://img1.russianfood.com/dycontent/images_upl/229/big_228116.jpg\" target=\"_blank\"><img alt=\"Фото приготовления рецепта: Нежнейший торт &quot;Рафаэлло&quot; - шаг №2\" src=\"https://img1.russianfood.com/dycontent/images_upl/229/sm_228116.jpg\" /></a></p>\r\n\r\n<p>Сначала делаем бисквит. Для него нужно яйца смешать венчиком с сахарной пудрой и ванильным сахаром. (Если у вас нет сахарной пудры, замените на 6 ст.ложек обычного сахара.)</p>\r\n\r\n<p><a href=\"https://img1.russianfood.com/dycontent/images_upl/229/big_228117.jpg\" target=\"_blank\"><img alt=\"Фото приготовления рецепта: Нежнейший торт &quot;Рафаэлло&quot; - шаг №3\" src=\"https://img1.russianfood.com/dycontent/images_upl/229/sm_228117.jpg\" /></a></p>\r\n\r\n<p>Взбить миксером добела.</p>\r\n\r\n<p><a href=\"https://img1.russianfood.com/dycontent/images_upl/229/big_228118.jpg\" target=\"_blank\"><img alt=\"Фото приготовления рецепта: Нежнейший торт &quot;Рафаэлло&quot; - шаг №4\" src=\"https://img1.russianfood.com/dycontent/images_upl/229/sm_228118.jpg\" /></a></p>\r\n\r\n<p>Потом добавляем сразу всю муку.</p>\r\n\r\n<p><a href=\"https://img1.russianfood.com/dycontent/images_upl/229/big_228119.jpg\" target=\"_blank\"><img alt=\"Фото приготовления рецепта: Нежнейший торт &quot;Рафаэлло&quot; - шаг №5\" src=\"https://img1.russianfood.com/dycontent/images_upl/229/sm_228119.jpg\" /></a></p>\r\n\r\n<p>Туда же - соду, погашенную лимонным соком.</p>\r\n\r\n<p><a href=\"https://img1.russianfood.com/dycontent/images_upl/229/big_228120.jpg\" target=\"_blank\"><img alt=\"Фото приготовления рецепта: Нежнейший торт &quot;Рафаэлло&quot; - шаг №6\" src=\"https://img1.russianfood.com/dycontent/images_upl/229/sm_228120.jpg\" /></a></p>\r\n\r\n<p>Все перемешиваем миксером до однородности.</p>\r\n\r\n<p><a href=\"https://img1.russianfood.com/dycontent/images_upl/229/big_228121.jpg\" target=\"_blank\"><img alt=\"Фото приготовления рецепта: Нежнейший торт &quot;Рафаэлло&quot; - шаг №7\" src=\"https://img1.russianfood.com/dycontent/images_upl/229/sm_228121.jpg\" /></a></p>\r\n\r\n<p>Выпекаем при 180 градусах минут 30, но так как у всех духовки разные, периодически проверяйте бисквит на готовность деревянной палочкой.<br />\r\n(Я выпекала в мультиварке на режиме &quot;Выпечка&quot; 55 минут.)</p>\r\n\r\n<p><a href=\"https://img1.russianfood.com/dycontent/images_upl/229/big_228122.jpg\" target=\"_blank\"><img alt=\"Фото приготовления рецепта: Нежнейший торт &quot;Рафаэлло&quot; - шаг №8\" src=\"https://img1.russianfood.com/dycontent/images_upl/229/sm_228122.jpg\" /></a></p>\r\n\r\n<p>Пока бисквит печётся, сделаем сливочный крем со сгущенкой. Для этого сливки нужно сначала взбивать минуты 3 на средней скорости, потом маленькой струйкой добавлять сгущенное молоко и взбивать еще минут 8, пока сливки не взобьются в крутые пики. Готовый сливочный крем накрываем пищевой пленкой и ставим в холодильник.</p>\r\n\r\n<p><a href=\"https://img1.russianfood.com/dycontent/images_upl/229/big_228134.jpg\" target=\"_blank\"><img alt=\"Фото приготовления рецепта: Нежнейший торт &quot;Рафаэлло&quot; - шаг №9\" src=\"https://img1.russianfood.com/dycontent/images_upl/229/sm_228134.jpg\" /></a></p>\r\n\r\n<p>Теперь нужно обжарить орехи.</p>\r\n\r\n<p><a href=\"https://img1.russianfood.com/dycontent/images_upl/229/big_228129.jpg\" target=\"_blank\"><img alt=\"Фото приготовления рецепта: Нежнейший торт &quot;Рафаэлло&quot; - шаг №10\" src=\"https://img1.russianfood.com/dycontent/images_upl/229/sm_228129.jpg\" /></a></p>\r\n\r\n<p>Остывшие грецкие орехи измельчаем в кофемолке, а миндаль пока отставляем.</p>\r\n\r\n<p><a href=\"https://img1.russianfood.com/dycontent/images_upl/229/big_228123.jpg\" target=\"_blank\"><img alt=\"Фото приготовления рецепта: Нежнейший торт &quot;Рафаэлло&quot; - шаг №11\" src=\"https://img1.russianfood.com/dycontent/images_upl/229/sm_228123.jpg\" /></a></p>\r\n\r\n<p>После растапливаем шоколад на паровой бане.</p>\r\n\r\n<p><a href=\"https://img1.russianfood.com/dycontent/images_upl/229/big_228124.jpg\" target=\"_blank\"><img alt=\"Фото приготовления рецепта: Нежнейший торт &quot;Рафаэлло&quot; - шаг №12\" src=\"https://img1.russianfood.com/dycontent/images_upl/229/sm_228124.jpg\" /></a></p>\r\n\r\n<p>Добавляем в него кокосовую стружку, но не всю, оставьте немного &quot;про запас&quot; - она нам еще понадобится.</p>\r\n\r\n<p><a href=\"https://img1.russianfood.com/dycontent/images_upl/229/big_228125.jpg\" target=\"_blank\"><img alt=\"Фото приготовления рецепта: Нежнейший торт &quot;Рафаэлло&quot; - шаг №13\" src=\"https://img1.russianfood.com/dycontent/images_upl/229/sm_228125.jpg\" /></a></p>\r\n\r\n<p>Перемешиваем и добавляем немного крема (1 ст. ложку).</p>\r\n\r\n<p><a href=\"https://img1.russianfood.com/dycontent/images_upl/229/big_228127.jpg\" target=\"_blank\"><img alt=\"Фото приготовления рецепта: Нежнейший торт &quot;Рафаэлло&quot; - шаг №14\" src=\"https://img1.russianfood.com/dycontent/images_upl/229/sm_228127.jpg\" /></a></p>\r\n\r\n<p>Еще раз перемешиваем и формируем конфеты, вкладывая внутрь шоколадной массы миндаль.</p>\r\n\r\n<p><a href=\"https://img1.russianfood.com/dycontent/images_upl/229/big_228128.jpg\" target=\"_blank\"><img alt=\"Фото приготовления рецепта: Нежнейший торт &quot;Рафаэлло&quot; - шаг №15\" src=\"https://img1.russianfood.com/dycontent/images_upl/229/sm_228128.jpg\" /></a></p>\r\n\r\n<p>Обваливаем конфеты в кокосовой стружке. Таких конфеток нужно сделать 12 штук. Отправляем их в холодильник.</p>\r\n\r\n<p><a href=\"https://img1.russianfood.com/dycontent/images_upl/229/big_228130.jpg\" target=\"_blank\"><img alt=\"Фото приготовления рецепта: Нежнейший торт &quot;Рафаэлло&quot; - шаг №16\" src=\"https://img1.russianfood.com/dycontent/images_upl/229/sm_228130.jpg\" /></a></p>\r\n\r\n<p>Когда бисквит испекся и остыл, разрезаем его на 4 коржа.</p>\r\n\r\n<p><a href=\"https://img1.russianfood.com/dycontent/images_upl/229/big_228131.jpg\" target=\"_blank\"><img alt=\"Фото приготовления рецепта: Нежнейший торт &quot;Рафаэлло&quot; - шаг №17\" src=\"https://img1.russianfood.com/dycontent/images_upl/229/sm_228131.jpg\" /></a></p>\r\n\r\n<p>Начинаем собирать бисквитный торт. Низ формы, в которой будем делать торт, смазываем кремом. Кладем сверху бисквитный корж, смазываем кремом, посыпаем измельченными орехами.</p>\r\n\r\n<p><a href=\"https://img1.russianfood.com/dycontent/images_upl/229/big_228132.jpg\" target=\"_blank\"><img alt=\"Фото приготовления рецепта: Нежнейший торт &quot;Рафаэлло&quot; - шаг №18\" src=\"https://img1.russianfood.com/dycontent/images_upl/229/sm_228132.jpg\" /></a></p>\r\n\r\n<p>После кладем наверх еще один корж, смазываем, посыпаем и так слой за слоем. Сверху и по бокам бисквитный торт со сливочным кремом и орехами посыпаем кокосовой стружкой.</p>\r\n\r\n<p><a href=\"https://img1.russianfood.com/dycontent/images_upl/229/big_228133.jpg\" target=\"_blank\"><img alt=\"Фото приготовления рецепта: Нежнейший торт &quot;Рафаэлло&quot; - шаг №19\" src=\"https://img1.russianfood.com/dycontent/images_upl/229/sm_228133.jpg\" /></a></p>\r\n\r\n<p>Украшаем торт &quot;Рафаэлло&quot; конфетами и помещаем в холодильник минимум на 4 часа, лучше на ночь.<br />\r\nПриятного аппетита!</p>\r\n', '2020-06-14 19:00:12', '2020-06-14 19:10:51', 5, 2, 2, 1, 2, '<table border=\"0\" cellpadding=\"5\" cellspacing=\"1\" style=\"width:auto\">\r\n	<caption>Ингредиенты</caption>\r\n	<tbody>\r\n		<tr>\r\n			<td>Мука - 6 ст. л.</td>\r\n			<td>Кокосовая стружка - 200 г</td>\r\n		</tr>\r\n		<tr>\r\n			<td>Сахарная пудра - 200 г</td>\r\n			<td>Миндаль - 12 шт.</td>\r\n		</tr>\r\n		<tr>\r\n			<td>Яйца - 6 шт.</td>\r\n			<td>Орехи грецкие - 300 г</td>\r\n		</tr>\r\n		<tr>\r\n			<td>Сливки 33% - 500 мл</td>\r\n			<td>Сахар ванильный - 1 пакетик</td>\r\n		</tr>\r\n		<tr>\r\n			<td>Молоко сгущенное - 440 г</td>\r\n			<td>Сода - 1 ч. л.</td>\r\n		</tr>\r\n		<tr>\r\n			<td>Шоколад белый - 200 г</td>\r\n			<td>Сок лимонный - 1 ч. л.</td>\r\n		</tr>\r\n	</tbody>\r\n</table>\r\n\r\n<p>&nbsp;</p>\r\n', '');
INSERT INTO `bakery` (`id`, `title`, `lead_photo`, `lead_text`, `content`, `created_at`, `updated_at`, `created_by`, `updated_by`, `category_id`, `status_id`, `user_id`, `ingredient`, `agree`) VALUES
(15, 'Киевский торт', 'uploads/kievskiy.jpg', '<p>Киевский торт круглой формы, состоящий из двух белково-ореховых коржей и сливочно-шоколадного крема Шарлотт</p>\r\n', '<p>Для &quot;Киевского&quot; торта, как и для печенья &quot;Макарон&quot; белки нужно сначала оставить на 12-24 часа при комнатной температуре. Белок начинает терять свою обычную структуру и гораздо лучше взбивается.</p>\r\n\r\n<p><a href=\"https://img1.russianfood.com/dycontent/images_upl/22/big_21114.jpg\" target=\"_blank\"><img alt=\"Фото приготовления рецепта: &quot;Киевский&quot; торт или В поисках мечты (рецепт с историей) - шаг №2\" src=\"https://img1.russianfood.com/dycontent/images_upl/22/sm_21114.jpg\" /></a></p>\r\n\r\n<p>Прежде, чем взбивать белки, нужно подготовить &quot;сухую&quot; составляющую для коржей. Орехи кешью обжариваем на сухой сковороде до золотистого оттенка, рубим не слишком мелко.</p>\r\n\r\n<p><a href=\"https://img1.russianfood.com/dycontent/images_upl/22/big_21115.jpg\" target=\"_blank\"><img alt=\"Фото приготовления рецепта: &quot;Киевский&quot; торт или В поисках мечты (рецепт с историей) - шаг №3\" src=\"https://img1.russianfood.com/dycontent/images_upl/22/sm_21115.jpg\" /></a></p>\r\n\r\n<p>Сахар смешиваем с мукой, добавляем остывшие порубленные орехи.</p>\r\n\r\n<p><a href=\"https://img1.russianfood.com/dycontent/images_upl/22/big_21116.jpg\" target=\"_blank\"><img alt=\"Фото приготовления рецепта: &quot;Киевский&quot; торт или В поисках мечты (рецепт с историей) - шаг №4\" src=\"https://img1.russianfood.com/dycontent/images_upl/22/sm_21116.jpg\" /></a></p>\r\n\r\n<p>Подготовленные за сутки белки начинаем взбивать на средних оборотах. Для того, чтобы белковая масса лучше взбивалась, добавьте немного кислоты, например лимонного сока или уксуса в то время, когда из белков начала образовываться мягкая пена. Кислота способствует связыванию белковых клеток, благодаря чему белок быстрее взбивается и становится более устойчивым и однородным.<br />\r\n<br />\r\nКак только пена начинает уплотняться, вводим постепенно ванильный сахар и сахарную пудру. Увеличиваем обороты до максимума, образуя массу с устойчивыми пиками. В неё мы и будем вводить сухие ингредиенты.</p>\r\n\r\n<p><a href=\"https://img1.russianfood.com/dycontent/images_upl/22/big_21117.jpg\" target=\"_blank\"><img alt=\"Фото приготовления рецепта: &quot;Киевский&quot; торт или В поисках мечты (рецепт с историей) - шаг №5\" src=\"https://img1.russianfood.com/dycontent/images_upl/22/sm_21117.jpg\" /></a></p>\r\n\r\n<p>Аккуратно начинаем вводить &quot;сухую&quot; составляющую в белковую (в несколько приёмов, буквально по 4-5 ложек, иначе белковая масса может опасть), смешивая всё лопаткой или ложкой плавными движениями сверху-вниз. Должна получиться вот такая пышная однородная масса.</p>\r\n\r\n<p><a href=\"https://img1.russianfood.com/dycontent/images_upl/22/big_21118.jpg\" target=\"_blank\"><img alt=\"Фото приготовления рецепта: &quot;Киевский&quot; торт или В поисках мечты (рецепт с историей) - шаг №6\" src=\"https://img1.russianfood.com/dycontent/images_upl/22/sm_21118.jpg\" /></a></p>\r\n\r\n<p>Я выпекаю в духовке сразу оба коржа в режиме конвекции. Заранее готовлю две разъёмных формы, выстилая их пергаментом. Смазывать формы и пергамент каким-либо жиром нельзя, при соприкосновении с ним белковая масса начнёт опадать. Поэтому убедимся заранее, что разъёмные формы АБСОЛЮТНО чистые и сухие.<br />\r\nДля такого количества белков я брала две формы диаметром 25 см. Выкладываем одинаковое количество белковой массы в две формы, ровняем поверхность лопаткой и отправляем в предварительно прогретую до 150 градусов духовку на 2 часа.</p>\r\n\r\n<p><a href=\"https://img1.russianfood.com/dycontent/images_upl/22/big_21119.jpg\" target=\"_blank\"><img alt=\"Фото приготовления рецепта: &quot;Киевский&quot; торт или В поисках мечты (рецепт с историей) - шаг №7\" src=\"https://img1.russianfood.com/dycontent/images_upl/22/sm_21119.jpg\" /></a></p>\r\n\r\n<p>Если коржи начнут уж слишком темнеть (что маловероятно, но всё-таки у всех духовки разные), то снижаем температуру до 140 градусов. Открывать духовку во время выпекания не нужно, чтобы не нарушать температурного режима. Через полных 2 часа, выключаем духовку и охлаждаем коржи в ней ещё минут 30. Вот так выглядит готовый корж.</p>\r\n\r\n<p><a href=\"https://img1.russianfood.com/dycontent/images_upl/22/big_21120.jpg\" target=\"_blank\"><img alt=\"Фото приготовления рецепта: &quot;Киевский&quot; торт или В поисках мечты (рецепт с историей) - шаг №8\" src=\"https://img1.russianfood.com/dycontent/images_upl/22/sm_21120.jpg\" /></a></p>\r\n\r\n<p>После того, как коржи испеклись, они должны простоять в форме ещё минимум 12 часов, а лучше всего сутки. Я опрокидываю формы &quot;вниз головой&quot; на первые 2 часа, пока коржи полностью остывают, чтобы они уж наверняка не осели:))) Не бойтесь, что они выпадут, масса приклеилась к стенкам формы намертво и упасть коржам не даст.<br />\r\nЗатем я переворачиваю формы и оставляю коржи в прохладном месте без сквозняка и открытых солнечных лучей (а также подальше от домочадцев) и забываю о них на ночь и часть дня.<br />\r\nНа следующий день, ближе к вечеру, я аккуратно ножом подрезаю коржи по всему диаметру, снимаю кольцо, и переворачиваю корж на лист пергамента, помогая второй рукой, чтобы он не &quot;шмякнулся&quot; и не рассыпался. Подготовьте себе побольше чистого свободного пространства, застеленного пергаментом, так как крошки будут лететь повсюду, а они нам понадобятся для украшения боков торта. Всё, что облетело, аккуратно пересыпаем с пергамента в отдельную ёмкость. Теперь остаётся снять пергамент со дна (которое сейчас уже верх) коржа, &quot;отлипать&quot; он будет неохотно, поэтому начинаем сразу с нескольких сторон к центру, чтобы как можно меньше повредить текстуру. После этого я оставляю коржи ещё часа на 3-4, чтобы верх немного затвердел. За это время можно подготовить крем.</p>\r\n\r\n<p><a href=\"https://img1.russianfood.com/dycontent/images_upl/22/big_21121.jpg\" target=\"_blank\"><img alt=\"Фото приготовления рецепта: &quot;Киевский&quot; торт или В поисках мечты (рецепт с историей) - шаг №9\" src=\"https://img1.russianfood.com/dycontent/images_upl/22/sm_21121.jpg\" /></a></p>\r\n\r\n<p>В Киевском торте используются 2 крема: сливочный крем &quot;Шарлот&quot; и шоколадный масляный крем со сгущённым молоком.<br />\r\nПриготовим сначала &quot;Шарлот&quot;.<br />\r\nЕсть два варианта этого крема - с целым яйцом и на желтках. Я использовала крем на желтках, потому как у нас их достаточно осталось после приготовления коржей. И он, к тому же, более нежный (по моему мнению).<br />\r\nМолоко смешиваем с сахаром и ванильным сахаром, прогреваем до полного растворения сахара. В глубокой миске взбиваем желтки со щепоткой соли до гладкости, тонкой струйкой вливаем горячее молоко, размешивая смесь венчиком. Переливаем яично-молочную смесь в кастрюльку, где грелось молоко, и варим крем на среднем огне, постоянно его помешивая венчиком. Эта процедура занимает 4-5 минут после закипания. Крем должен получиться консистенции густого киселя. Протираем крем через мелкое сито (у меня комочков и так не было, но раз надо, так надо), переливаем его в чашку и, накрыв пищевой плёнкой, дадим крему остыть до комнатной температуры. Вводим в основу коньяк.</p>\r\n\r\n<p><a href=\"https://img1.russianfood.com/dycontent/images_upl/22/big_21122.jpg\" target=\"_blank\"><img alt=\"Фото приготовления рецепта: &quot;Киевский&quot; торт или В поисках мечты (рецепт с историей) - шаг №10\" src=\"https://img1.russianfood.com/dycontent/images_upl/22/sm_21122.jpg\" /></a></p>\r\n\r\n<p>Мягкое масло взбиваем в пышную пену в глубокой чаше и по ложке начинаем добавлять яичную основу, взбивая каждый раз до полного взаимопроникновения.<br />\r\nВ результате должен получиться нежный и лёгкий по структуре крем.</p>\r\n\r\n<p><a href=\"https://img1.russianfood.com/dycontent/images_upl/22/big_21123.jpg\" target=\"_blank\"><img alt=\"Фото приготовления рецепта: &quot;Киевский&quot; торт или В поисках мечты (рецепт с историей) - шаг №11\" src=\"https://img1.russianfood.com/dycontent/images_upl/22/sm_21123.jpg\" /></a></p>\r\n\r\n<p>Приготовим шоколадный крем.<br />\r\nЗдесь всё гораздо проще и быстрей. Мягкое масло взбиваем в пышную пену с сахарной пудрой.<br />\r\nДобавляем какао, взбиваем ещё раз до однородности.</p>\r\n\r\n<p><a href=\"https://img1.russianfood.com/dycontent/images_upl/22/big_21124.jpg\" target=\"_blank\"><img alt=\"Фото приготовления рецепта: &quot;Киевский&quot; торт или В поисках мечты (рецепт с историей) - шаг №12\" src=\"https://img1.russianfood.com/dycontent/images_upl/22/sm_21124.jpg\" /></a></p>\r\n\r\n<p>Добавляем сгущённое молоко и коньяк и ещё раз взбиваем до гладкого крема.</p>\r\n\r\n<p><a href=\"https://img1.russianfood.com/dycontent/images_upl/22/big_21125.jpg\" target=\"_blank\"><img alt=\"Фото приготовления рецепта: &quot;Киевский&quot; торт или В поисках мечты (рецепт с историей) - шаг №13\" src=\"https://img1.russianfood.com/dycontent/images_upl/22/sm_21125.jpg\" /></a></p>\r\n\r\n<p>Мы получили крем 2-х цветов, и теперь нам нужно сделать промежуточный цвет для украшения торта его символом - веткой каштана. Я взяла 150 г крема &quot;Шарлот&quot; (а остальной поставила в холодильник ненадолго, чтобы легче было наносить на коржи), добавила полную столовую ложку шоколадного крема, энергично всё взбила - готов крем нежного цвета кофе с молоком. Его я тоже ставлю в холодильник, чтобы облегчить себе процедуру украшения.</p>\r\n\r\n<p><a href=\"https://img1.russianfood.com/dycontent/images_upl/22/big_21126.jpg\" target=\"_blank\"><img alt=\"Фото приготовления рецепта: &quot;Киевский&quot; торт или В поисках мечты (рецепт с историей) - шаг №14\" src=\"https://img1.russianfood.com/dycontent/images_upl/22/sm_21126.jpg\" /></a></p>\r\n\r\n<p>Собираем торт.<br />\r\nНа нижний корж (верхней должна быть сторона, с которой снимали бумагу) выкладываем крем &quot;Шарлот&quot;, оставив 2-3 ст.л. крема для нанесения на бока. Ровняем крем лопаткой как следует, потому что придавливать коржи нельзя. Верхний корж прикладываем той стороной, с которой снимали бумагу. Оставшийся белый крем наносим на бока, выравниваем их. Можно отложить не 150, а 200 г крема &quot;Шарлот&quot; и смешать с шоколадным. Тогда и бока крема можно сделать не белого цвета, а темнее. Так я поступила, когда готовила торт второй раз.</p>\r\n\r\n<p><a href=\"https://img1.russianfood.com/dycontent/images_upl/22/big_21127.jpg\" target=\"_blank\"><img alt=\"Фото приготовления рецепта: &quot;Киевский&quot; торт или В поисках мечты (рецепт с историей) - шаг №15\" src=\"https://img1.russianfood.com/dycontent/images_upl/22/sm_21127.jpg\" /></a></p>\r\n\r\n<p>Шоколадный крем наносим на верхушку торта. Пытаемся выровнять слой крема, насколько позволяет мастерство и подручный инструмент. Я это проделывала широким слайсером для сыра:))<br />\r\n<br />\r\nУкрасим бока торта крошкой. Для этого смешаем крошки безе, тщательно собранные с коржей (у меня получилось 3 ст.л.) с таким же количеством толчёных орехов кешью. Приподнимая бока торта поочерёдно, посыпаем их ореховой смесью. Поставим торт на полчаса в холодильник, чтобы крем &quot;схватился&quot;.</p>\r\n\r\n<p><a href=\"https://img1.russianfood.com/dycontent/images_upl/22/big_21128.jpg\" target=\"_blank\"><img alt=\"Фото приготовления рецепта: &quot;Киевский&quot; торт или В поисках мечты (рецепт с историей) - шаг №16\" src=\"https://img1.russianfood.com/dycontent/images_upl/22/sm_21128.jpg\" /></a></p>\r\n\r\n<p>Теперь самый ответственный момент лично для меня!:) Украшаем торт. Достаём бежевый крем для украшения и выкладываем часть его в кулинарный конверт. Украшаем края торта произвольно.<br />\r\nНаносим на поверхность торта каштановую веточку тонким контуром. Для этих целей я пригласила своего сына, он отменно рисует. А потом кремом повторяем контуры. Или можно маленькой металлической лопаточкой (художественным мастихином, к примеру) нанести крем по всей поверхности внутри контура и &quot;продавить&quot; прожилки листиков.</p>\r\n\r\n<p><a href=\"https://img1.russianfood.com/dycontent/images_upl/22/big_21129.jpg\" target=\"_blank\"><img alt=\"Фото приготовления рецепта: &quot;Киевский&quot; торт или В поисках мечты (рецепт с историей) - шаг №17\" src=\"https://img1.russianfood.com/dycontent/images_upl/22/sm_21129.jpg\" /></a></p>\r\n\r\n<p>Когда я выпекала торт второй раз, то решила немного изменить состав шоколадного крема.<br />\r\nЯ сварила побольше крема &quot;Шарлот&quot;, взяла его основу для шоколадного крема, добавив варёную сгущёнку, коньяк и какао. Бежевый крем получила так же, путём смешивания светлого и тёмного.</p>\r\n\r\n<p><a href=\"https://img1.russianfood.com/dycontent/images_upl/22/big_21130.jpg\" target=\"_blank\"><img alt=\"Фото приготовления рецепта: &quot;Киевский&quot; торт или В поисках мечты (рецепт с историей) - шаг №18\" src=\"https://img1.russianfood.com/dycontent/images_upl/22/sm_21130.jpg\" /></a></p>\r\n\r\n<p>Торт получился воздушным, с нежным кремом, просто таял во рту! &quot;Вот теперь всё как положено - настоящий &quot;Киевский&quot;!&quot; - заключил мой муж. Мечты сбываются, стоит только захотеть!<br />\r\n<br />\r\nФото разных тортов и в разных ракурсах прилагаются :)</p>\r\n', '2020-06-14 19:49:27', '2020-06-14 19:50:01', 5, 2, 4, 1, 2, '<table border=\"0\" cellpadding=\"5\" cellspacing=\"1\" style=\"width:500px\">\r\n	<caption>Ингредиенты</caption>\r\n	<tbody>\r\n		<tr>\r\n			<td>Для 2-х коржей (форма диаметром 24-25 см):</td>\r\n			<td>Для крема &quot;Шарлот&quot;:</td>\r\n		</tr>\r\n		<tr>\r\n			<td>белки яичные - 300 г (это 8 штук примерно)</td>\r\n			<td>молоко - 200 г</td>\r\n		</tr>\r\n		<tr>\r\n			<td>сахарная пудра - 75 г</td>\r\n			<td>сахар - 1 стакан</td>\r\n		</tr>\r\n		<tr>\r\n			<td>ванильный сахар - 30 г (1,5 пакетика)</td>\r\n			<td>желтки - 4 шт.</td>\r\n		</tr>\r\n		<tr>\r\n			<td>лимонный сок - 1 ч.л.</td>\r\n			<td>масло сливочное - 250-300 г</td>\r\n		</tr>\r\n		<tr>\r\n			<td>мука - 70 г</td>\r\n			<td>коньяк - 1,5 ст.л.</td>\r\n		</tr>\r\n		<tr>\r\n			<td>орехи - 220 г</td>\r\n			<td>ванильный сахар - 15 г</td>\r\n		</tr>\r\n		<tr>\r\n			<td>сахар - 275 г</td>\r\n			<td>&nbsp;</td>\r\n		</tr>\r\n	</tbody>\r\n</table>\r\n\r\n<p>&nbsp;</p>\r\n', ''),
(16, 'Торт Сникерс', 'uploads/snikers.jpg', '<p>Торт Сникерс настоящий подарок любителям арахиса и шоколада.</p>\r\n', '<p>Подготовьте продукты для бисквита.</p>\r\n\r\n<p><a href=\"https://img1.russianfood.com/dycontent/images_upl/177/big_176575.jpg\" target=\"_blank\"><img alt=\"Фото приготовления рецепта: Торт &quot;Сникерс&quot; - шаг №2\" src=\"https://img1.russianfood.com/dycontent/images_upl/177/sm_176575.jpg\" /></a></p>\r\n\r\n<p>Подготовьте продукты для крема.</p>\r\n\r\n<p><a href=\"https://img1.russianfood.com/dycontent/images_upl/177/big_176576.jpg\" target=\"_blank\"><img alt=\"Фото приготовления рецепта: Торт &quot;Сникерс&quot; - шаг №3\" src=\"https://img1.russianfood.com/dycontent/images_upl/177/sm_176576.jpg\" /></a></p>\r\n\r\n<p>Включите духовку, установите температуру 180&deg;C. Выстелите бумагой и смажьте маслом две формы диаметром 24 см. Поставьте формы в сторонку и займитесь подготовкой мучной смеси.</p>\r\n\r\n<p><a href=\"https://img1.russianfood.com/dycontent/images_upl/177/big_176578.jpg\" target=\"_blank\"><img alt=\"Фото приготовления рецепта: Торт &quot;Сникерс&quot; - шаг №4\" src=\"https://img1.russianfood.com/dycontent/images_upl/177/sm_176578.jpg\" /></a></p>\r\n\r\n<p>Просейте 350 граммов муки и 30 граммов порошка какао, добавьте 2 чайные ложки разрыхлителя.</p>\r\n\r\n<p><a href=\"https://img1.russianfood.com/dycontent/images_upl/177/big_176579.jpg\" target=\"_blank\"><img alt=\"Фото приготовления рецепта: Торт &quot;Сникерс&quot; - шаг №5\" src=\"https://img1.russianfood.com/dycontent/images_upl/177/sm_176579.jpg\" /></a></p>\r\n\r\n<p>Положите в миску миксера 200 граммов сливочного масла, взбивайте добела. Не прекращая взбивать, в два приёма добавьте 400 граммов сахара.</p>\r\n\r\n<p><a href=\"https://img1.russianfood.com/dycontent/images_upl/177/big_176580.jpg\" target=\"_blank\"><img alt=\"Фото приготовления рецепта: Торт &quot;Сникерс&quot; - шаг №6\" src=\"https://img1.russianfood.com/dycontent/images_upl/177/sm_176580.jpg\" /></a></p>\r\n\r\n<p>Продолжайте взбивать, добавьте по одному три яйца. Хорошо взбейте массу. Самое время добавить ванильный сахар или ванильную эссенцию &mdash; две чайные ложки. Добавьте щепотку соли.<br />\r\nПереключите миксер на минимальную скорость. Поочерёдно, маленькими порциями добавляйте мучную смесь и 400 граммов кефира, пахты или простокваши.</p>\r\n\r\n<p><a href=\"https://img1.russianfood.com/dycontent/images_upl/177/big_176582.jpg\" target=\"_blank\"><img alt=\"Фото приготовления рецепта: Торт &quot;Сникерс&quot; - шаг №7\" src=\"https://img1.russianfood.com/dycontent/images_upl/177/sm_176582.jpg\" /></a></p>\r\n\r\n<p>Возвращаемся к формам. Выложите в них поровну шоколадное тесто, разровняйте. Выпекайте в заранее разогретой духовке. Температура выпекания шоколадных коржей - 180&deg;C, а выпекать их нужно 35-40 минут. Готовность коржей проверьте деревянной палочкой.</p>\r\n\r\n<p><a href=\"https://img1.russianfood.com/dycontent/images_upl/177/big_176583.jpg\" target=\"_blank\"><img alt=\"Фото приготовления рецепта: Торт &quot;Сникерс&quot; - шаг №8\" src=\"https://img1.russianfood.com/dycontent/images_upl/177/sm_176583.jpg\" /></a></p>\r\n\r\n<p>Выньте из духовки готовые коржи, дайте им остыть 10 минут и положите на решётку или на деревянную доску. Оставьте шоколадные коржи отдохнуть на 5 часов.</p>\r\n\r\n<p><a href=\"https://img1.russianfood.com/dycontent/images_upl/177/big_176585.jpg\" target=\"_blank\"><img alt=\"Фото приготовления рецепта: Торт &quot;Сникерс&quot; - шаг №9\" src=\"https://img1.russianfood.com/dycontent/images_upl/177/sm_176585.jpg\" /></a></p>\r\n\r\n<p>Для торта &quot;Сникерс&quot; нам понадобится обжарить и очистить от оболочки 200 граммов арахиса. Отправьте арахис в духовку, разогретую до 180&deg;C, обжаривайте арахис 5-7 минут. Выньте арахис из духовки и дайте ему остыть. Теперь арахис можно легко очистить от оболочки. Очищенный арахис слегка измельчите.</p>\r\n\r\n<p><a href=\"https://img1.russianfood.com/dycontent/images_upl/177/big_176588.jpg\" target=\"_blank\"><img alt=\"Фото приготовления рецепта: Торт &quot;Сникерс&quot; - шаг №10\" src=\"https://img1.russianfood.com/dycontent/images_upl/177/sm_176588.jpg\" /></a></p>\r\n\r\n<p>Приготовьте карамельный крем из сгущенки и масла. Положите в миску миксера 400 граммов мягкого сливочного масла. Взбейте добела. Не прекращайте взбивать. Постепенно добавьте 750 граммов варёного сгущённого молока. Взбивайте то тех пор, пока у вас не получится пышный и плотный крем.</p>\r\n\r\n<p><a href=\"https://img1.russianfood.com/dycontent/images_upl/177/big_176612.jpg\" target=\"_blank\"><img alt=\"Фото приготовления рецепта: Торт &quot;Сникерс&quot; - шаг №11\" src=\"https://img1.russianfood.com/dycontent/images_upl/177/sm_176612.jpg\" /></a></p>\r\n\r\n<p>Приготовьте крем &quot;Нуга&quot;. Взбейте миксером 200 граммов мягкого сливочного масла и 200 граммов арахисовой пасты. Поставьте в сторонку.</p>\r\n\r\n<p><a href=\"https://img1.russianfood.com/dycontent/images_upl/177/big_176589.jpg\" target=\"_blank\"><img alt=\"Фото приготовления рецепта: Торт &quot;Сникерс&quot; - шаг №12\" src=\"https://img1.russianfood.com/dycontent/images_upl/177/sm_176589.jpg\" /></a></p>\r\n\r\n<p>Приготовьте сироп. В кастрюльку положите 50 граммов мёда. Добавьте 50 миллилитров воды и 100 граммов сахара. Поставьте кастрюльку на огонь. Помешивая, доведите до кипения. Затем, продолжая перемешивать, уваривайте до температуры 130&deg;C. Снимите сироп с огня.</p>\r\n\r\n<p><a href=\"https://img1.russianfood.com/dycontent/images_upl/177/big_176590.jpg\" target=\"_blank\"><img alt=\"Фото приготовления рецепта: Торт &quot;Сникерс&quot; - шаг №13\" src=\"https://img1.russianfood.com/dycontent/images_upl/177/sm_176590.jpg\" /></a></p>\r\n\r\n<p>В миску миксера отделите 2 яичных белка, слегка взбейте, добавьте щепотку соли. Продолжайте взбивать, вливая тонкой струйкой горячий сироп. Взбивайте, пока масса не остынет до комнатной температуры. Если миксер &quot;устал&quot;, можно сделать перерыв и дать миксеру отдохнуть.</p>\r\n\r\n<p><a href=\"https://img1.russianfood.com/dycontent/images_upl/177/big_176591.jpg\" target=\"_blank\"><img alt=\"Фото приготовления рецепта: Торт &quot;Сникерс&quot; - шаг №14\" src=\"https://img1.russianfood.com/dycontent/images_upl/177/sm_176591.jpg\" /></a></p>\r\n\r\n<p>Продолжая взбивать, добавьте постепенно по одной ложке смесь масла и арахисовой пасты. Затем переведите скорость миксера на минимум и добавьте измельчённый арахис.</p>\r\n\r\n<p><a href=\"https://img1.russianfood.com/dycontent/images_upl/177/big_176595.jpg\" target=\"_blank\"><img alt=\"Фото приготовления рецепта: Торт &quot;Сникерс&quot; - шаг №15\" src=\"https://img1.russianfood.com/dycontent/images_upl/177/sm_176595.jpg\" /></a></p>\r\n\r\n<p>Всё готово. Приступайте к сборке торта &quot;Сникерс&quot;. Разрежьте каждый бисквит по высоте пополам (на два коржа). Положите корж срезом вверх на подставку для сборки торта. На корж выложите половину крема &quot;Нуга&quot;. На крем &mdash; второй корж, на него &ndash; половину карамельного крема, затем положите третий корж, на него положите вторую половину крема &quot;Нуга&quot;. Четвёртый корж положите гладкой стороной вверх.</p>\r\n\r\n<p><a href=\"https://img1.russianfood.com/dycontent/images_upl/177/big_176596.jpg\" target=\"_blank\"><img alt=\"Фото приготовления рецепта: Торт &quot;Сникерс&quot; - шаг №16\" src=\"https://img1.russianfood.com/dycontent/images_upl/177/sm_176596.jpg\" /></a></p>\r\n\r\n<p>Покройте весь торт карамельным кремом, три ложки крема оставьте для заглаживания торта. Поставьте торт &quot;Сникерс&quot; в холодильник на 30-40 минут.</p>\r\n\r\n<p><a href=\"https://img1.russianfood.com/dycontent/images_upl/177/big_176598.jpg\" target=\"_blank\"><img alt=\"Фото приготовления рецепта: Торт &quot;Сникерс&quot; - шаг №17\" src=\"https://img1.russianfood.com/dycontent/images_upl/177/sm_176598.jpg\" /></a></p>\r\n\r\n<p>Приготовьте шоколадную глазурь. Измельчите 400 граммов молочного шоколада. Налейте в кастрюльку 300 миллилитров сливок, жирностью не менее 30%. Доведите сливки до кипения. Не кипятите! Горячие сливки влейте в миску с шоколадом. Дайте постоять 2-3 минуты и перемешайте, чтобы весь шоколад растворился. Оставьте остывать глазурь до комнатной температуры.</p>\r\n\r\n<p><a href=\"https://img1.russianfood.com/dycontent/images_upl/177/big_176599.jpg\" target=\"_blank\"><img alt=\"Фото приготовления рецепта: Торт &quot;Сникерс&quot; - шаг №18\" src=\"https://img1.russianfood.com/dycontent/images_upl/177/sm_176599.jpg\" /></a></p>\r\n\r\n<p>Выньте торт из холодильника, аккуратно загладьте его оставшимся карамельным кремом и отправьте обратно в холодильник на 10-15 минут.<br />\r\nЧерез 10 минут переставьте торт &quot;Сникерс&quot; на решётку, покройте остывшей шоколадной глазурью и ещё раз отправьте на 10-15 минут в холодильник.</p>\r\n\r\n<p><a href=\"https://img1.russianfood.com/dycontent/images_upl/177/big_176600.jpg\" target=\"_blank\"><img alt=\"Фото приготовления рецепта: Торт &quot;Сникерс&quot; - шаг №19\" src=\"https://img1.russianfood.com/dycontent/images_upl/177/sm_176600.jpg\" /></a></p>\r\n\r\n<p>Излишки глазури соберите, процедите и покройте торт шоколадной глазурью ещё раз.</p>\r\n\r\n<p><a href=\"https://img1.russianfood.com/dycontent/images_upl/177/big_176601.jpg\" target=\"_blank\"><img alt=\"Фото приготовления рецепта: Торт &quot;Сникерс&quot; - шаг №20\" src=\"https://img1.russianfood.com/dycontent/images_upl/177/sm_176601.jpg\" /></a></p>\r\n\r\n<p>Готовый торт &quot;Сникерс&quot; поставьте на блюдо и поместите в холодильник. Выньте торт за 1-2 часа до подачи к столу. Подайте торт &quot;Сникерс&quot; с чашкой крепкого ароматного чая.</p>\r\n', '2020-06-14 20:11:04', '2020-06-14 20:11:51', 5, 2, 2, 1, 2, '<table border=\"0\" cellpadding=\"5\" cellspacing=\"1\" style=\"width:500px\">\r\n	<caption>Ингредиенты</caption>\r\n	<tbody>\r\n		<tr>\r\n			<td>Для бисквита:</td>\r\n			<td>Для крема &quot;Нуга&quot;:</td>\r\n		</tr>\r\n		<tr>\r\n			<td>Мука - 350 г</td>\r\n			<td>Масло сливочное - 200 г</td>\r\n		</tr>\r\n		<tr>\r\n			<td>Какао-порошок - 30 г</td>\r\n			<td>Арахисовая паста - 200 г</td>\r\n		</tr>\r\n		<tr>\r\n			<td>Разрыхлитель - 2 ч. ложки</td>\r\n			<td>Арахис - 200 г</td>\r\n		</tr>\r\n		<tr>\r\n			<td>Масло сливочное - 200 г</td>\r\n			<td>Яичный белок - 2 шт.</td>\r\n		</tr>\r\n		<tr>\r\n			<td>Сахар - 400 г</td>\r\n			<td>Сахар - 100 г</td>\r\n		</tr>\r\n		<tr>\r\n			<td>Яйца - 3 шт.</td>\r\n			<td>Мед - 50 г</td>\r\n		</tr>\r\n		<tr>\r\n			<td>Кефир, простокваша или пахта - 400 мл</td>\r\n			<td>Вода - 50 мл</td>\r\n		</tr>\r\n		<tr>\r\n			<td>Ванильный сахар&nbsp; - 2 ч. ложки</td>\r\n			<td>Соль - 1 щепотка</td>\r\n		</tr>\r\n		<tr>\r\n			<td>Соль - 1 щепотка</td>\r\n			<td>&nbsp;</td>\r\n		</tr>\r\n	</tbody>\r\n</table>\r\n\r\n<p>&nbsp;</p>\r\n', ''),
(17, 'Торт Молочная девочка', 'uploads/molochnaydevochka.jpg', '<p>Торт &quot;Молочная девочка&quot; готовится из коржей на сгущенном молоке и пропитывается сливочным или сметанным кремом.</p>\r\n', '<p>Как приготовить торт &quot;Молочная девочка&quot;:<br />\r\n<br />\r\nГотовим коржи для торта. Тесто на сгущенке готовится очень просто. В сгущённое молоко добавляем яйца, щепотку соли, муку и разрыхлитель. Все хорошо перемешиваем - и тесто готово.</p>\r\n\r\n<p><a href=\"https://img1.russianfood.com/dycontent/images_upl/189/big_188842.jpg\" target=\"_blank\"><img alt=\"Фото приготовления рецепта: Торт &quot;Молочная девочка&quot; - шаг №2\" src=\"https://img1.russianfood.com/dycontent/images_upl/189/sm_188842.jpg\" /></a></p>\r\n\r\n<p>На листе силиконизированной пергаментной бумаги с тыльной стороны рисуем круг. (Диаметр будущего торта выбирайте сами. Я нарисовала круг диаметром 22 см. Потом готовые, уже испеченные коржи подровняла под диаметр 21 см, а из обрезков сделала крошку.)<br />\r\nВыливаем 3-4 ст. ложки теста в центр круга и разравниваем по всему диаметру (высота теста - примерно 3 мм).</p>\r\n\r\n<p><a href=\"https://img1.russianfood.com/dycontent/images_upl/189/big_188843.jpg\" target=\"_blank\"><img alt=\"Фото приготовления рецепта: Торт &quot;Молочная девочка&quot; - шаг №3\" src=\"https://img1.russianfood.com/dycontent/images_upl/189/sm_188843.jpg\" /></a></p>\r\n\r\n<p>Ставим в разогретую до 180 градусов духовку и выпекаем по 7-8 минут каждый (ориентируйтесь по своей духовке). Горячие испеченные коржи ножом отделяем от бумаги.</p>\r\n\r\n<p><a href=\"https://img1.russianfood.com/dycontent/images_upl/189/big_188844.jpg\" target=\"_blank\"><img alt=\"Фото приготовления рецепта: Торт &quot;Молочная девочка&quot; - шаг №4\" src=\"https://img1.russianfood.com/dycontent/images_upl/189/sm_188844.jpg\" /></a></p>\r\n\r\n<p>В итоге у меня получилось 8 коржей.</p>\r\n\r\n<p><a href=\"https://img1.russianfood.com/dycontent/images_upl/189/big_188845.jpg\" target=\"_blank\"><img alt=\"Фото приготовления рецепта: Торт &quot;Молочная девочка&quot; - шаг №5\" src=\"https://img1.russianfood.com/dycontent/images_upl/189/sm_188845.jpg\" /></a></p>\r\n\r\n<p>Готовим масляный крем на манке.<br />\r\nВ кастрюльку выливаем молоко, добавляем манку и сахар. Ставим на огонь и, помешивая, доводим до кипения. Варим манную кашу 2-3 минуты. Снимаем с огня.<br />\r\nВ готовую горячую манную кашу добавляем пакетик ванильного сахара и лимонную кислоту на кончике ножа или сок половины лимона. Перебиваем кашу блендером. Даем манной каше полностью остыть.<br />\r\n(Если блендера нет, то просто перемешайте ложкой. Манку в креме вы все равно не почувствуете.)</p>\r\n\r\n<p><a href=\"https://img1.russianfood.com/dycontent/images_upl/189/big_188846.jpg\" target=\"_blank\"><img alt=\"Фото приготовления рецепта: Торт &quot;Молочная девочка&quot; - шаг №6\" src=\"https://img1.russianfood.com/dycontent/images_upl/189/sm_188846.jpg\" /></a></p>\r\n\r\n<p>Мягкое сливочное масло взбиваем миксером, чтобы оно слегка побелело и увеличилось в объёме. По 2-3 ст. ложки добавляем остывшую заварную манную основу и слегка перемешиваем миксером после каждой добавленной порции. Долго взбивать не надо, чтобы крем не расслоился.</p>\r\n\r\n<p><a href=\"https://img1.russianfood.com/dycontent/images_upl/189/big_188864.jpg\" target=\"_blank\"><img alt=\"Фото приготовления рецепта: Торт &quot;Молочная девочка&quot; - шаг №7\" src=\"https://img1.russianfood.com/dycontent/images_upl/189/sm_188864.jpg\" /></a></p>\r\n\r\n<p>Собираем торт. Тут рассказывать нечего, просто щедро прослаиваем коржи кремом. По желанию коржи можно пропитать молоком, так торт будет более сочным. Для пропитки в молоко добавляем пару ложек сахара, доводим до кипения, снимаем с огня, даем полностью остыть - и пропитка готова.<br />\r\nСтавим торт в холодильник на 3-4 часа, а лучше на ночь, чтобы коржи хорошо пропитались.</p>\r\n\r\n<p><a href=\"https://img1.russianfood.com/dycontent/images_upl/189/big_188847.jpg\" target=\"_blank\"><img alt=\"Фото приготовления рецепта: Торт &quot;Молочная девочка&quot; - шаг №8\" src=\"https://img1.russianfood.com/dycontent/images_upl/189/sm_188847.jpg\" /></a></p>\r\n\r\n<p>Украшаем торт. Для украшения торта я использовала ванильный крем в пачке (приготовила по инструкции на упаковке). Этим кремом я выровняла бока и верх торта. Приготовленной раннее крошкой из обрезков обсыпала бока торта.</p>\r\n\r\n<p><a href=\"https://img1.russianfood.com/dycontent/images_upl/189/big_188848.jpg\" target=\"_blank\"><img alt=\"Фото приготовления рецепта: Торт &quot;Молочная девочка&quot; - шаг №9\" src=\"https://img1.russianfood.com/dycontent/images_upl/189/sm_188848.jpg\" /></a></p>\r\n\r\n<p>Украсила верхушку торта, выдавив крем из кондитерского мешка.<br />\r\n(Если вы не хотите использовать крем в пачках, то приготовьте крем на манке не на 750 мл молока, а на 1 л, тогда его хватит на прослойку коржей, на бока, верх и украшение торта.)</p>\r\n\r\n<p><a href=\"https://img1.russianfood.com/dycontent/images_upl/189/big_188849.jpg\" target=\"_blank\"><img alt=\"Фото приготовления рецепта: Торт &quot;Молочная девочка&quot; - шаг №10\" src=\"https://img1.russianfood.com/dycontent/images_upl/189/sm_188849.jpg\" /></a></p>\r\n\r\n<p>Сразу после украшения торт &quot;Молочная девочка&quot; готов и его уже можно кушать, ведь внутри он уже пропитанный. Приятного аппетита!</p>\r\n', '2020-06-14 20:22:18', '2020-06-14 20:22:40', 5, 2, 4, 1, 2, '<table border=\"0\" cellpadding=\"5\" cellspacing=\"1\" style=\"width:500px\">\r\n	<caption>Ингредиенты</caption>\r\n	<tbody>\r\n		<tr>\r\n			<td>Для коржей:</td>\r\n			<td>Для крема:</td>\r\n		</tr>\r\n		<tr>\r\n			<td>Молоко сгущённое - 600 г</td>\r\n			<td>Молоко - 750 мл или 1 л</td>\r\n		</tr>\r\n		<tr>\r\n			<td>Яйца - 3 шт.</td>\r\n			<td>Крупа манная - 90 г или 120 г</td>\r\n		</tr>\r\n		<tr>\r\n			<td>Мука пшеничная - 300 г</td>\r\n			<td>Сахар - 150 г или 200 г</td>\r\n		</tr>\r\n		<tr>\r\n			<td>Разрыхлитель - 18 г</td>\r\n			<td>Сахар ванильный - 1 пакетик</td>\r\n		</tr>\r\n		<tr>\r\n			<td>Соль - 0,5 ч. ложки</td>\r\n			<td>Лимон (сок) - 0,5 шт.</td>\r\n		</tr>\r\n		<tr>\r\n			<td>&nbsp;</td>\r\n			<td>Масло сливочное - 250-300 г или 400 г</td>\r\n		</tr>\r\n	</tbody>\r\n</table>\r\n\r\n<p>&nbsp;</p>\r\n', ''),
(18, 'Пирог \"Лимонник\"', 'uploads/limonik.jpg', '<p>Потрясающий пирог из песочного теста с сочной лимонной начинкой - не приторный, не кислый, с лимонным вкусом и ароматом.</p>\r\n', '<p>Подготовить все необходимые ингредиенты.<br />\r\nМуку просеять. Сливочное масло должно быть мягким.</p>\r\n\r\n<p><a href=\"https://img1.russianfood.com/dycontent/images_upl/356/big_355921.jpg\" target=\"_blank\"><img alt=\"Фото приготовления рецепта: Пирог &quot;Лимонник&quot; из песочного теста - шаг №2\" src=\"https://img1.russianfood.com/dycontent/images_upl/356/sm_355921.jpg\" /></a></p>\r\n\r\n<p>В чашке смешать венчиком сухие ингредиенты: муку, соль, сахар (1 ст. ложку) и разрыхлитель.</p>\r\n\r\n<p><a href=\"https://img1.russianfood.com/dycontent/images_upl/356/big_355922.jpg\" target=\"_blank\"><img alt=\"Фото приготовления рецепта: Пирог &quot;Лимонник&quot; из песочного теста - шаг №3\" src=\"https://img1.russianfood.com/dycontent/images_upl/356/sm_355922.jpg\" /></a></p>\r\n\r\n<p>К сухим ингредиентам добавить мягкое масло. Размешать масло с мукой в крошку.</p>\r\n\r\n<p><a href=\"https://img1.russianfood.com/dycontent/images_upl/356/big_355923.jpg\" target=\"_blank\"><img alt=\"Фото приготовления рецепта: Пирог &quot;Лимонник&quot; из песочного теста - шаг №4\" src=\"https://img1.russianfood.com/dycontent/images_upl/356/sm_355923.jpg\" /></a></p>\r\n\r\n<p>Добавить сметану, размешать тесто ложкой или лопаткой, а затем замесить руками. Тесто должно быть мягким. Если муки будет маловато, то можно добавить ещё максимум 50-100 грамм. Тесто вначале собирается в комок, а затем станет мягким и эластичным.<br />\r\nДалее тесто можно домесить на столе.</p>\r\n\r\n<p><a href=\"https://img1.russianfood.com/dycontent/images_upl/356/big_355924.jpg\" target=\"_blank\"><img alt=\"Фото приготовления рецепта: Пирог &quot;Лимонник&quot; из песочного теста - шаг №5\" src=\"https://img1.russianfood.com/dycontent/images_upl/356/sm_355924.jpg\" /></a></p>\r\n\r\n<p>Тесто завернуть в плёнку и положить в холодильник минут на 30.</p>\r\n\r\n<p><a href=\"https://img1.russianfood.com/dycontent/images_upl/356/big_355925.jpg\" target=\"_blank\"><img alt=\"Фото приготовления рецепта: Пирог &quot;Лимонник&quot; из песочного теста - шаг №6\" src=\"https://img1.russianfood.com/dycontent/images_upl/356/sm_355925.jpg\" /></a></p>\r\n\r\n<p>Лимон вымыть, залить кипятком на 1-2 минуты, чтобы ушла горечь.</p>\r\n\r\n<p><a href=\"https://img1.russianfood.com/dycontent/images_upl/357/big_356008.jpg\" target=\"_blank\"><img alt=\"Фото приготовления рецепта: Пирог &quot;Лимонник&quot; из песочного теста - шаг №7\" src=\"https://img1.russianfood.com/dycontent/images_upl/357/sm_356008.jpg\" /></a></p>\r\n\r\n<p>Лимон достать из горячей воды, обрезать края, нарезать полукружиями, удалить косточки.</p>\r\n\r\n<p><a href=\"https://img1.russianfood.com/dycontent/images_upl/356/big_355926.jpg\" target=\"_blank\"><img alt=\"Фото приготовления рецепта: Пирог &quot;Лимонник&quot; из песочного теста - шаг №8\" src=\"https://img1.russianfood.com/dycontent/images_upl/356/sm_355926.jpg\" /></a></p>\r\n\r\n<p>Нарезанный лимон измельчить при помощи мясорубки или блендера.</p>\r\n\r\n<p><a href=\"https://img1.russianfood.com/dycontent/images_upl/357/big_356015.jpg\" target=\"_blank\"><img alt=\"Фото приготовления рецепта: Пирог &quot;Лимонник&quot; из песочного теста - шаг №9\" src=\"https://img1.russianfood.com/dycontent/images_upl/357/sm_356015.jpg\" /></a></p>\r\n\r\n<p>Тесто разделить на 2 неравные части.</p>\r\n\r\n<p><a href=\"https://img1.russianfood.com/dycontent/images_upl/356/big_355927.jpg\" target=\"_blank\"><img alt=\"Фото приготовления рецепта: Пирог &quot;Лимонник&quot; из песочного теста - шаг №10\" src=\"https://img1.russianfood.com/dycontent/images_upl/356/sm_355927.jpg\" /></a></p>\r\n\r\n<p>Дно формы смазать сливочным маслом или застелить пергаментом.<br />\r\nБольшую часть теста раскатать (желательно потоньше) в лепёшку и переложить в форму (у меня круглая, 26 см в диаметре).<br />\r\nСделать из теста бортики. Лишнее тесто можно будет потом убрать.</p>\r\n\r\n<p><a href=\"https://img1.russianfood.com/dycontent/images_upl/356/big_355928.jpg\" target=\"_blank\"><img alt=\"Фото приготовления рецепта: Пирог &quot;Лимонник&quot; из песочного теста - шаг №11\" src=\"https://img1.russianfood.com/dycontent/images_upl/356/sm_355928.jpg\" /></a></p>\r\n\r\n<p>Лимон соединить с сахаром и крахмалом, хорошо перемешать. Лимон быстро дает сок, поэтому начинку лучше готовить перед тем, как выкладывать на тесто.</p>\r\n\r\n<p><a href=\"https://img1.russianfood.com/dycontent/images_upl/356/big_355929.jpg\" target=\"_blank\"><img alt=\"Фото приготовления рецепта: Пирог &quot;Лимонник&quot; из песочного теста - шаг №12\" src=\"https://img1.russianfood.com/dycontent/images_upl/356/sm_355929.jpg\" /></a></p>\r\n\r\n<p>Лимонную начинку выложить на песочное тесто и разровнять.</p>\r\n\r\n<p><a href=\"https://img1.russianfood.com/dycontent/images_upl/357/big_356031.jpg\" target=\"_blank\"><img alt=\"Фото приготовления рецепта: Пирог &quot;Лимонник&quot; из песочного теста - шаг №13\" src=\"https://img1.russianfood.com/dycontent/images_upl/357/sm_356031.jpg\" /></a></p>\r\n\r\n<p>Меньшую часть песочного теста раскатать в лепёшку диаметром формы.<br />\r\nПерекладываем лепёшку из теста на лимонную начинку.</p>\r\n\r\n<p><a href=\"https://img1.russianfood.com/dycontent/images_upl/356/big_355930.jpg\" target=\"_blank\"><img alt=\"Фото приготовления рецепта: Пирог &quot;Лимонник&quot; из песочного теста - шаг №14\" src=\"https://img1.russianfood.com/dycontent/images_upl/356/sm_355930.jpg\" /></a></p>\r\n\r\n<p>Края песочного теста (двух лепёшек) стараемся сразу совместить и защипнуть. Пирог проколоть сверху вилкой в нескольких местах, чтобы тесто не вздулось.<br />\r\nПирог выпекать в разогретой духовке при температуре 180 градусов до румяной корочки, примерно 30-40 минут.</p>\r\n\r\n<p><a href=\"https://img1.russianfood.com/dycontent/images_upl/356/big_355931.jpg\" target=\"_blank\"><img alt=\"Фото приготовления рецепта: Пирог &quot;Лимонник&quot; из песочного теста - шаг №15\" src=\"https://img1.russianfood.com/dycontent/images_upl/356/sm_355931.jpg\" /></a></p>\r\n\r\n<p>Готовый лимонный пирог остудить в форме, а затем нарезать на кусочки. Сверху можно посыпать сахарной пудрой.<br />\r\nПриятного аппетита!</p>\r\n', '2020-06-14 20:32:44', '2020-06-14 20:33:13', 5, 2, 3, 1, 2, '<table border=\"0\" cellpadding=\"5\" cellspacing=\"1\" style=\"width:500px\">\r\n	<caption>Ингредиенты</caption>\r\n	<tbody>\r\n		<tr>\r\n			<td>Для теста:</td>\r\n			<td>Для начинки:</td>\r\n		</tr>\r\n		<tr>\r\n			<td>Мука пшеничная - 480 г</td>\r\n			<td>Лимон - 1 шт.</td>\r\n		</tr>\r\n		<tr>\r\n			<td>Масло сливочное - 100 г&nbsp;</td>\r\n			<td>Сахар - 200 гр. + 1 ст. ложка (в тесто)</td>\r\n		</tr>\r\n		<tr>\r\n			<td>Сметана (у меня 20% жирности) - 250 г</td>\r\n			<td>Крахмал кукурузный - 20 г</td>\r\n		</tr>\r\n		<tr>\r\n			<td>Соль - 0,5 ч. ложки</td>\r\n			<td>&nbsp;</td>\r\n		</tr>\r\n		<tr>\r\n			<td>Разрыхлитель - 10 г</td>\r\n			<td>&nbsp;</td>\r\n		</tr>\r\n	</tbody>\r\n</table>\r\n\r\n<p>&nbsp;</p>\r\n', '');

-- --------------------------------------------------------

--
-- Структура таблицы `bakery_tag`
--

CREATE TABLE `bakery_tag` (
  `id` int(11) NOT NULL,
  `bakery_id` int(11) NOT NULL,
  `tag_id` int(11) NOT NULL
) ENGINE=InnoDB DEFAULT CHARSET=utf8;

-- --------------------------------------------------------

--
-- Структура таблицы `category`
--

CREATE TABLE `category` (
  `id` int(11) NOT NULL,
  `title_testo` varchar(50) DEFAULT NULL,
  `slug` varchar(50) DEFAULT NULL,
  `title_cookies` varchar(160) DEFAULT NULL,
  `created_at` datetime NOT NULL,
  `updated_at` datetime NOT NULL
) ENGINE=InnoDB DEFAULT CHARSET=utf8;

--
-- Дамп данных таблицы `category`
--

INSERT INTO `category` (`id`, `title_testo`, `slug`, `title_cookies`, `created_at`, `updated_at`) VALUES
(1, 'Слоенное ', '', 'Шоколадное', '2020-05-12 16:31:52', '2020-06-16 20:16:55'),
(2, 'Бисквитное ', '', 'Творожное', '2020-05-12 16:32:32', '2020-06-16 20:16:23'),
(3, 'Песочное', '', 'Овсяное', '2020-05-12 16:33:06', '2020-06-16 20:23:34'),
(4, 'Коржи', '', 'Вегетарианское', '2020-05-14 11:48:52', '2020-06-16 20:57:12'),
(5, '', '', 'Песочное', '2020-06-16 20:10:18', '2020-06-16 20:10:18');

-- --------------------------------------------------------

--
-- Структура таблицы `cookies`
--

CREATE TABLE `cookies` (
  `id` int(11) NOT NULL,
  `title` varchar(50) NOT NULL,
  `lead_photo` varchar(160) DEFAULT NULL,
  `lead_text` text NOT NULL,
  `content` text NOT NULL,
  `created_at` datetime NOT NULL,
  `updated_at` datetime NOT NULL,
  `created_by` int(11) NOT NULL,
  `updated_by` int(11) NOT NULL,
  `category_id` int(11) NOT NULL,
  `status_id` int(11) DEFAULT '0',
  `user_id` int(11) NOT NULL DEFAULT '2',
  `ingredient` text NOT NULL
) ENGINE=InnoDB DEFAULT CHARSET=utf8;

--
-- Дамп данных таблицы `cookies`
--

INSERT INTO `cookies` (`id`, `title`, `lead_photo`, `lead_text`, `content`, `created_at`, `updated_at`, `created_by`, `updated_by`, `category_id`, `status_id`, `user_id`, `ingredient`) VALUES
(1, 'Шоколадное печенье', 'uploads/shocolatepechene.jpg', '<p>Печенье из песочного теста для любителей шоколадных угощений. В состав теста входит какао, а украшено шоколадное печенье растопленным темным шоколадом.</p>\r\n\r\n<p>&nbsp;</p>\r\n', '<p>Как приготовить шоколадное печенье:</p>\r\n\r\n<p>1.Разогрейте духовку до 180 градусов. Покройте противень (или два противня) бумагой для выпечки. Хорошо взбейте миксером масло с сахаром. Над миской с маслом просейте муку и какао. Взбейте тесто до однородности, затем слегка вымесите руками.</p>\r\n\r\n<p>2.Сформируйте из теста 16 шариков, размером с грецкий орех. Выложите их на противень с пергаментом и слегка придавите вилкой (на поверхности печенья получится рисунок). Выпекайте шоколадное печенье 20 минут. Полностью остудите на решетке.</p>\r\n\r\n<p>Растопите шоколад и украсьте шоколадное печенье (подождите, чтобы шоколад застыл).</p>\r\n\r\n<p>Приятного чаепития!</p>\r\n\r\n<p>&nbsp;</p>\r\n', '2020-06-15 22:10:31', '2020-06-16 12:24:47', 2, 2, 1, 1, 2, '<table border=\"0\" cellpadding=\"5\" cellspacing=\"1\" style=\"width:500px\">\r\n	<caption>Ингредиенты</caption>\r\n	<tbody>\r\n		<tr>\r\n			<td>Масло сливочное - 100 г</td>\r\n		</tr>\r\n		<tr>\r\n			<td>Сахар - 50 г (1/4 стакана)</td>\r\n		</tr>\r\n		<tr>\r\n			<td>Мука - 160 г (1 стакан)</td>\r\n		</tr>\r\n		<tr>\r\n			<td>Какао-порошок - 40 г (1/4 стакана)</td>\r\n		</tr>\r\n		<tr>\r\n			<td>Шоколад темный или молочный - по вкусу</td>\r\n		</tr>\r\n	</tbody>\r\n</table>\r\n\r\n<p>&nbsp;</p>\r\n'),
(2, 'Печенье «Минутка»', 'uploads/minutka.jpg', '<p>Замечательное домашнее песочное печенье &laquo;Минутка&raquo;, рецепт которого настолько прост и быстр, что дал название этому десерту. Конечно, вы потратите больше минуты, но много времени рецепт печенья &laquo;Минутка&raquo; не потребует. Главное - точно соблюдайте инструкции.</p>\r\n', '<p>Пошаговый фото рецептПеченье &laquo;Минутка&raquo;</p>\r\n\r\n<p><a name=\"stepbystep\"></a></p>\r\n\r\n<p><a href=\"https://img1.russianfood.com/dycontent/images_upl/38/big_37876.jpg\" target=\"_blank\"><img alt=\"Фото приготовления рецепта: Печенье «Минутка» - шаг №1\" src=\"https://img1.russianfood.com/dycontent/images_upl/38/sm_37876.jpg\" /></a></p>\r\n\r\n<p>Подготовить продукты для печенья &quot;Минутка&quot;.<br />\r\n<br />\r\nМаргарин вынуть из холодильника для размягчения. (Сливочное масло использовать можно, но не высокой жирности, в противном случае печенье при выпекании может растекаться.)</p>\r\n\r\n<p><a href=\"https://img1.russianfood.com/dycontent/images_upl/38/big_37877.jpg\" target=\"_blank\"><img alt=\"Фото приготовления рецепта: Печенье «Минутка» - шаг №2\" src=\"https://img1.russianfood.com/dycontent/images_upl/38/sm_37877.jpg\" /></a></p>\r\n\r\n<p>Как приготовить печенье &quot;Минутка&quot;:<br />\r\n<br />\r\nМаргарин (мягкий, но не растаявший) размять до консистенции густой сметаны.</p>\r\n\r\n<p><a href=\"https://img1.russianfood.com/dycontent/images_upl/38/big_37878.jpg\" target=\"_blank\"><img alt=\"Фото приготовления рецепта: Печенье «Минутка» - шаг №3\" src=\"https://img1.russianfood.com/dycontent/images_upl/38/sm_37878.jpg\" /></a></p>\r\n\r\n<p>Смешать маргарин с сахаром и ванильным сахаром.</p>\r\n\r\n<p><a href=\"https://img1.russianfood.com/dycontent/images_upl/38/big_37879.jpg\" target=\"_blank\"><img alt=\"Фото приготовления рецепта: Печенье «Минутка» - шаг №4\" src=\"https://img1.russianfood.com/dycontent/images_upl/38/sm_37879.jpg\" /></a></p>\r\n\r\n<p>Все взбить до образования пышной массы.</p>\r\n\r\n<p><a href=\"https://img1.russianfood.com/dycontent/images_upl/38/big_37880.jpg\" target=\"_blank\"><img alt=\"Фото приготовления рецепта: Печенье «Минутка» - шаг №5\" src=\"https://img1.russianfood.com/dycontent/images_upl/38/sm_37880.jpg\" /></a></p>\r\n\r\n<p>Затем добавить небольшими порциями молоко.</p>\r\n\r\n<p><a href=\"https://img1.russianfood.com/dycontent/images_upl/38/big_37881.jpg\" target=\"_blank\"><img alt=\"Фото приготовления рецепта: Печенье «Минутка» - шаг №6\" src=\"https://img1.russianfood.com/dycontent/images_upl/38/sm_37881.jpg\" /></a></p>\r\n\r\n<p>Когда сахар растворится, прибавить просеянную муку (300-350 г).</p>\r\n\r\n<p><a href=\"https://img1.russianfood.com/dycontent/images_upl/38/big_37882.jpg\" target=\"_blank\"><img alt=\"Фото приготовления рецепта: Печенье «Минутка» - шаг №7\" src=\"https://img1.russianfood.com/dycontent/images_upl/38/sm_37882.jpg\" /></a></p>\r\n\r\n<p>Все хорошо перемешать. Делать это нужно быстро, чтобы маргарин не нагрелся. Тесто должно получиться такой консистенции, чтобы его можно было отсадить с помощью кондитерского мешка. При необходимости, добавить остальную муку.</p>\r\n\r\n<p><a href=\"https://img1.russianfood.com/dycontent/images_upl/38/big_37883.jpg\" target=\"_blank\"><img alt=\"Фото приготовления рецепта: Печенье «Минутка» - шаг №8\" src=\"https://img1.russianfood.com/dycontent/images_upl/38/sm_37883.jpg\" /></a></p>\r\n\r\n<p>Включить духовку, разогреть ее до 180-200 градусов. Печенье нужно ставить только в хорошо прогретую духовку, иначе оно расплывется и потеряет форму.<br />\r\n<br />\r\nТестом заполнить кондитерский мешок с зубчатой трубочкой и отсадить изделия в виде ромашки (диаметром примерно 3 см). Заготовки для печенья не должны быть приплюснутыми, так как в духовке печенье оседает. Между печеньями нужно оставить место, потому что при выпечке они немного расплываются.<br />\r\n<br />\r\nЕсли печенье начинает расплываться или оседать на этапе подготовки к выпечке, значит тесто недостаточно густое. В этом случае нужно снова переложить тесто в миску и добавить немного муки.</p>\r\n\r\n<p><a href=\"https://img1.russianfood.com/dycontent/images_upl/38/big_37884.jpg\" target=\"_blank\"><img alt=\"Фото приготовления рецепта: Печенье «Минутка» - шаг №9\" src=\"https://img1.russianfood.com/dycontent/images_upl/38/sm_37884.jpg\" /></a></p>\r\n\r\n<p>Выпекать печенье &quot;Минутка&quot; в разогретой духовке примерно 20-25 минут при температуре 180-200 градусов. Следить за готовностью - время выпечки зависит от размеров печенья и особенностей духовки.</p>\r\n', '2020-06-16 20:13:21', '2020-06-16 20:42:48', 2, 2, 5, 1, 2, '<table border=\"0\" cellpadding=\"5\" cellspacing=\"1\">\r\n	<caption>Ингредиенты</caption>\r\n	<tbody>\r\n		<tr>\r\n			<td>Мука пшеничная - 300-400 г (2-3 стакана)</td>\r\n		</tr>\r\n		<tr>\r\n			<td>Маргарин или масло сливочное - 200-250 г</td>\r\n		</tr>\r\n		<tr>\r\n			<td>Молоко - 60 г</td>\r\n		</tr>\r\n		<tr>\r\n			<td>Сахар - 150 г</td>\r\n		</tr>\r\n		<tr>\r\n			<td>Сахар ванильный - 1 ч. ложка или ванилин - на кончике ножа</td>\r\n		</tr>\r\n	</tbody>\r\n</table>\r\n'),
(3, 'Творожные ушки', 'uploads/tvorogushi.jpg', '<p>Очень вкусное домашнее печенье &quot;Творожные ушки&quot;, многим знакомое с детства. Кто-то называет такое печенье &quot;лапки&quot; или &quot;конвертики&quot;. Печенье с приятным творожным вкусом совсем несложное в исполнении.</p>\r\n', '<p>Продукты для приготовления домашнего печенья &quot;Творожные ушки&quot;.</p>\r\n\r\n<p><a href=\"https://img1.russianfood.com/dycontent/images_upl/198/big_197360.jpg\" target=\"_blank\"><img alt=\"Фото приготовления рецепта: Творожные ушки - шаг №2\" src=\"https://img1.russianfood.com/dycontent/images_upl/198/sm_197360.jpg\" /></a></p>\r\n\r\n<p>Как приготовить домашнее печенье &quot;Творожные ушки&quot;:<br />\r\n<br />\r\nРазотрем творог с 1 ст.л. сахара и щепоткой соли.</p>\r\n\r\n<p><a href=\"https://img1.russianfood.com/dycontent/images_upl/198/big_197361.jpg\" target=\"_blank\"><img alt=\"Фото приготовления рецепта: Творожные ушки - шаг №3\" src=\"https://img1.russianfood.com/dycontent/images_upl/198/sm_197361.jpg\" /></a></p>\r\n\r\n<p>Добавим растопленное сливочное масло и хорошо перемешаем.</p>\r\n\r\n<p><a href=\"https://img1.russianfood.com/dycontent/images_upl/198/big_197362.jpg\" target=\"_blank\"><img alt=\"Фото приготовления рецепта: Творожные ушки - шаг №4\" src=\"https://img1.russianfood.com/dycontent/images_upl/198/sm_197362.jpg\" /></a></p>\r\n\r\n<p>Далее добавим разрыхлитель и частями введём просеянную муку, замешивая плотное тесто.</p>\r\n\r\n<p><a href=\"https://img1.russianfood.com/dycontent/images_upl/198/big_197363.jpg\" target=\"_blank\"><img alt=\"Фото приготовления рецепта: Творожные ушки - шаг №5\" src=\"https://img1.russianfood.com/dycontent/images_upl/198/sm_197363.jpg\" /></a></p>\r\n\r\n<p>Оставим творожное тесто в холодильнике на 1-2,5 часа.</p>\r\n\r\n<p><a href=\"https://img1.russianfood.com/dycontent/images_upl/198/big_197364.jpg\" target=\"_blank\"><img alt=\"Фото приготовления рецепта: Творожные ушки - шаг №6\" src=\"https://img1.russianfood.com/dycontent/images_upl/198/sm_197364.jpg\" /></a></p>\r\n\r\n<p>Затем раскатаем тонко тесто и вырежем из него круглые заготовки для творожного печенья, диаметром 7-10 см.</p>\r\n\r\n<p><a href=\"https://img1.russianfood.com/dycontent/images_upl/198/big_197365.jpg\" target=\"_blank\"><img alt=\"Фото приготовления рецепта: Творожные ушки - шаг №7\" src=\"https://img1.russianfood.com/dycontent/images_upl/198/sm_197365.jpg\" /></a></p>\r\n\r\n<p>Формируем печенье &quot;Творожные ушки&quot;. Окунаем тесто в сахар с одной стороны, сворачиваем его пополам сахаром внутрь. Проделываем то же самое ещё раз. Полученный треугольник окунаем в сахар последний раз.<br />\r\nВыкладываем творожные треугольники на противень, сахаром вверх. Выпекаем печенье из творога при температуре 180 градусов 25 минут.</p>\r\n\r\n<p><a href=\"https://img1.russianfood.com/dycontent/images_upl/198/big_197366.jpg\" target=\"_blank\"><img alt=\"Фото приготовления рецепта: Творожные ушки - шаг №8\" src=\"https://img1.russianfood.com/dycontent/images_upl/198/sm_197366.jpg\" /></a></p>\r\n\r\n<p>Домашнее печенье &quot;Творожные ушки&quot; готово. Приятного аппетита!!!</p>\r\n', '2020-06-16 20:21:59', '2020-06-16 20:43:29', 2, 2, 2, 1, 2, '<table border=\"0\" cellpadding=\"5\" cellspacing=\"1\" style=\"width:500px\">\r\n	<caption>Ингредиенты</caption>\r\n	<tbody>\r\n		<tr>\r\n			<td>Творог - 250 г</td>\r\n		</tr>\r\n		<tr>\r\n			<td>Масло сливочное - 110 г</td>\r\n		</tr>\r\n		<tr>\r\n			<td>Мука пшеничная - 140-160 г</td>\r\n		</tr>\r\n		<tr>\r\n			<td>Сахар - 1 ст. ложка (в тесто) + 5-6 ст. ложек (на формирование печенья)</td>\r\n		</tr>\r\n		<tr>\r\n			<td>Разрыхлитель - 1 ч. ложка</td>\r\n		</tr>\r\n		<tr>\r\n			<td>Соль &ndash; щепотка</td>\r\n		</tr>\r\n	</tbody>\r\n</table>\r\n\r\n<p>&nbsp;</p>\r\n'),
(4, 'Овсяное печенье', 'uploads/Ovsyanoe1.jpg', '<p>Печенье из овсяных хлопьев &ndash; это очень вкусный, полезный и низкокалорийный десерт, печенье без муки.</p>\r\n', '<p>Подготавливаем продукты для овсяного печенья.</p>\r\n\r\n<p><a href=\"https://img1.russianfood.com/dycontent/images_upl/201/big_200056.jpg\" target=\"_blank\"><img alt=\"Фото приготовления рецепта: Овсяное печенье - шаг №2\" src=\"https://img1.russianfood.com/dycontent/images_upl/201/sm_200056.jpg\" /></a></p>\r\n\r\n<p>Как приготовить овсяное печенье:<br />\r\n<br />\r\nВ миску миксера кладём 100 граммов мягкого сливочного масла, 120 граммов сахара, 10 граммов ванильного сахара, щепотку соли и растираем добела.</p>\r\n\r\n<p><a href=\"https://img1.russianfood.com/dycontent/images_upl/201/big_200057.jpg\" target=\"_blank\"><img alt=\"Фото приготовления рецепта: Овсяное печенье - шаг №3\" src=\"https://img1.russianfood.com/dycontent/images_upl/201/sm_200057.jpg\" /></a></p>\r\n\r\n<p>Не прекращая растирать, добавляем по одному 2 яйца, растираем миксером на высокой скорости до получения однородной пышной массы.</p>\r\n\r\n<p><a href=\"https://img1.russianfood.com/dycontent/images_upl/201/big_200058.jpg\" target=\"_blank\"><img alt=\"Фото приготовления рецепта: Овсяное печенье - шаг №4\" src=\"https://img1.russianfood.com/dycontent/images_upl/201/sm_200058.jpg\" /></a></p>\r\n\r\n<p>Уменьшаем скорость миксера до минимума, добавляем 250 граммов овсяных хлопьев и 100 граммов орехов. Можно добавить любые орехи по вашему вкусу. Перемешиваем 1-2 минуты, тесто готово.</p>\r\n\r\n<p><a href=\"https://img1.russianfood.com/dycontent/images_upl/201/big_200059.jpg\" target=\"_blank\"><img alt=\"Фото приготовления рецепта: Овсяное печенье - шаг №5\" src=\"https://img1.russianfood.com/dycontent/images_upl/201/sm_200059.jpg\" /></a></p>\r\n\r\n<p>На лист, выстеленный бумагой для выпечки, при помощи двух ложек выкладываем тесто и формуем круглые печенья толщиной 0,5-1 сантиметр.</p>\r\n\r\n<p><a href=\"https://img1.russianfood.com/dycontent/images_upl/201/big_200060.jpg\" target=\"_blank\"><img alt=\"Фото приготовления рецепта: Овсяное печенье - шаг №6\" src=\"https://img1.russianfood.com/dycontent/images_upl/201/sm_200060.jpg\" /></a></p>\r\n\r\n<p>Выпекаем печенье в заранее разогретой духовке при температуре 180 градусов Цельсия приблизительно 15 минут.</p>\r\n\r\n<p><a href=\"https://img1.russianfood.com/dycontent/images_upl/201/big_200061.jpg\" target=\"_blank\"><img alt=\"Фото приготовления рецепта: Овсяное печенье - шаг №7\" src=\"https://img1.russianfood.com/dycontent/images_upl/201/sm_200061.jpg\" /></a></p>\r\n\r\n<p>Готовое овсяное печенье вынимаем из духовки даём остыть, перекладываем на блюдо и подаём к чаю или кофе.</p>\r\n', '2020-06-16 20:55:22', '2020-06-16 21:09:36', 5, 2, 3, 1, 2, '<table border=\"0\" cellpadding=\"5\" cellspacing=\"1\" style=\"width:500px\">\r\n	<caption>Ингредиенты</caption>\r\n	<tbody>\r\n		<tr>\r\n			<td>Хлопья овсяные - 250 г</td>\r\n		</tr>\r\n		<tr>\r\n			<td>Орехи - 100 г</td>\r\n		</tr>\r\n		<tr>\r\n			<td>Масло сливочное - 100 г</td>\r\n		</tr>\r\n		<tr>\r\n			<td>Яйца куриные - 2 шт.</td>\r\n		</tr>\r\n		<tr>\r\n			<td>Сахар - 120 г</td>\r\n		</tr>\r\n		<tr>\r\n			<td>Сахар ванильный - 10 г</td>\r\n		</tr>\r\n		<tr>\r\n			<td>Соль - 1 щепотка</td>\r\n		</tr>\r\n	</tbody>\r\n</table>\r\n\r\n<p>&nbsp;</p>\r\n'),
(5, 'Постное печенье на огуречном рассоле', 'uploads/postnoe.jpg', '<p>Овсяное печенье на огуречном рассоле - вкусное и мягкое постное печенье домашнего приготовления, сметаемое со стола в одночасье.</p>\r\n', '<p>Как приготовить постное печенье на огуречном рассоле:<br />\r\n<br />\r\nВ миску нальем рассол и растительное масло.</p>\r\n\r\n<p><a href=\"https://img1.russianfood.com/dycontent/images_upl/133/big_132142.jpg\" target=\"_blank\"><img alt=\"Фото приготовления рецепта: Постное печенье на огуречном рассоле - шаг №2\" src=\"https://img1.russianfood.com/dycontent/images_upl/133/sm_132142.jpg\" /></a></p>\r\n\r\n<p>Добавим овсяные хлопья.</p>\r\n\r\n<p><a href=\"https://img1.russianfood.com/dycontent/images_upl/133/big_132143.jpg\" target=\"_blank\"><img alt=\"Фото приготовления рецепта: Постное печенье на огуречном рассоле - шаг №3\" src=\"https://img1.russianfood.com/dycontent/images_upl/133/sm_132143.jpg\" /></a></p>\r\n\r\n<p>Добавим муку и разрыхлитель.</p>\r\n\r\n<p><a href=\"https://img1.russianfood.com/dycontent/images_upl/133/big_132144.jpg\" target=\"_blank\"><img alt=\"Фото приготовления рецепта: Постное печенье на огуречном рассоле - шаг №4\" src=\"https://img1.russianfood.com/dycontent/images_upl/133/sm_132144.jpg\" /></a></p>\r\n\r\n<p>Замесим густое, липкое тесто. Оставим тесто на 30 минут, чтобы овсяные хлопья набухли.</p>\r\n\r\n<p><a href=\"https://img1.russianfood.com/dycontent/images_upl/133/big_132145.jpg\" target=\"_blank\"><img alt=\"Фото приготовления рецепта: Постное печенье на огуречном рассоле - шаг №5\" src=\"https://img1.russianfood.com/dycontent/images_upl/133/sm_132145.jpg\" /></a></p>\r\n\r\n<p>Добавим сахар и ванильный сахар. Перемешаем, тесто получится как густая сметана.</p>\r\n\r\n<p><a href=\"https://img1.russianfood.com/dycontent/images_upl/133/big_132146.jpg\" target=\"_blank\"><img alt=\"Фото приготовления рецепта: Постное печенье на огуречном рассоле - шаг №6\" src=\"https://img1.russianfood.com/dycontent/images_upl/133/sm_132146.jpg\" /></a></p>\r\n\r\n<p>На противень выложим тесто с помощью ложки. Посыплем печенье семечками.<br />\r\nВыпекаем постное печенье на огуречном рассоле в разогретой до 180 градусов духовке 15 минут.<br />\r\nПРИЯТНОГО АППЕТИТА!</p>\r\n', '2020-06-16 21:01:42', '2020-06-16 21:04:13', 5, 2, 4, 1, 2, '<table border=\"0\" cellpadding=\"5\" cellspacing=\"1\">\r\n	<caption>Ингредиенты</caption>\r\n	<tbody>\r\n		<tr>\r\n			<td>Рассол огуречный - 1 стакан</td>\r\n		</tr>\r\n		<tr>\r\n			<td>Масло растительное - 0,5 стакана</td>\r\n		</tr>\r\n		<tr>\r\n			<td>Мука - 2 стакана</td>\r\n		</tr>\r\n		<tr>\r\n			<td>Овсяные хлопья - 1 стакан</td>\r\n		</tr>\r\n		<tr>\r\n			<td>Сахар - 1 стакан</td>\r\n		</tr>\r\n		<tr>\r\n			<td>Ванильный сахар - 2 ч. л.</td>\r\n		</tr>\r\n		<tr>\r\n			<td>Разрыхлитель - 3 ч. л.</td>\r\n		</tr>\r\n		<tr>\r\n			<td>Семечки подсолнечника, очищенные - 100 г</td>\r\n		</tr>\r\n	</tbody>\r\n</table>\r\n'),
(6, 'Апельсиновое печенье с корицей', 'uploads/apelsin.jpg', '<p>Это ароматное песочное печенье готовится с добавлением апельсиновой цедры и корицы.</p>\r\n', '<p>Как приготовить апельсиновое печенье с корицей:</p>\r\n\r\n<p>1. Миксером взбить сливочное масло с сахаром и ванильным экстрактом до пышного состояния. Добавить цедру и яйца, хорошо взбивая после каждого.</p>\r\n\r\n<p>2. Продолжая взбивать масляную смесь на слабой скорости, добавить муку и корицу, хорошо перемешать.</p>\r\n\r\n<p>3. Тесто разделить на две части и каждую часть скатать в рулет длиной 5 см. Завернуть эти колбаски в пищевую пленку и положить в морозилку на 30 минут.</p>\r\n\r\n<p>4. Включить духовку для предварительного разогрева до 190 градусов. Застелить пергаментом два противня.</p>\r\n\r\n<p>5. Тесто достать из холодильника и порезать каждый рулет на 13 кружочков. Выложить эти кружочки на подготовленные противни на расстоянии 2,5 см друг от друга. Поместить в разогретую духовку, выпекать апельсиновое печенье с корицей около 10 минут до золотистого цвета.</p>\r\n\r\n<p>6. Готовое печенье достать из духовки, дать остыть на противне при комнатной температуре в течение нескольких минут. Затем переложить апельсиновое печенье с корицей на решетку и дать полностью остыть.</p>\r\n', '2020-06-16 21:16:35', '2020-06-16 21:17:25', 5, 2, 5, 1, 2, '<table border=\"0\" cellpadding=\"5\" cellspacing=\"1\" style=\"width:500px\">\r\n	<caption>Ингредиенты</caption>\r\n	<tbody>\r\n		<tr>\r\n			<td>Масло сливочное (размягченное) - 125 г</td>\r\n		</tr>\r\n		<tr>\r\n			<td>Цедра апельсиновая - 1 ст. л.</td>\r\n		</tr>\r\n		<tr>\r\n			<td>Корица молотая - 1 ч. л.</td>\r\n		</tr>\r\n		<tr>\r\n			<td>Яйцо крупное - 1 шт.</td>\r\n		</tr>\r\n		<tr>\r\n			<td>Сахар - 100 г</td>\r\n		</tr>\r\n		<tr>\r\n			<td>Ванильный экстракт - 3 ч. л.</td>\r\n		</tr>\r\n		<tr>\r\n			<td>Мука - 125 г</td>\r\n		</tr>\r\n	</tbody>\r\n</table>\r\n\r\n<p>&nbsp;</p>\r\n'),
(7, 'Двойное шоколадное печенье с имбирно-кофейными нот', 'uploads/shokolad1.jpg', '<p>Я бы описала это лакомство, как нежное, воздушное, тающее во рту шоколадное облако. Такое шоколадное печенье Вы даже в лучших кондитерских не купите.</p>\r\n', '<p>Пошаговый фото рецептДвойное шоколадное печенье с имбирно-кофейными нотками</p>\r\n\r\n<p><a href=\"https://img1.russianfood.com/dycontent/images_upl/236/big_235872.jpg\" target=\"_blank\"><img alt=\"Фото приготовления рецепта: Двойное шоколадное печенье с имбирно-кофейными нотками - шаг №1\" src=\"https://img1.russianfood.com/dycontent/images_upl/236/sm_235872.jpg\" /></a></p>\r\n\r\n<p>Начну с моего любимого &laquo;разложите все ингредиенты по мисочкам заранее&raquo;.<br />\r\nА теперь к нюансам. Необходимо использовать кухонные весы при взвешивании ингредиентов. Дело в том, что избыток сахара, муки или сливочного масла (маргарин ни в коем случае использовать нельзя) &laquo;на глаз&raquo; даст в результате плоское, жесткое печенье.<br />\r\nБудьте внимательны, добавляя разрыхлитель &ndash; его переизбыток &laquo;развалит&raquo; печенье на куски. Корица и имбирь &ndash; строго по 0,5 ч.ложки, иначе вкус кардинально изменится. Растворимого кофе - исключительно 0,5 ч.ложки без верха (я предпочитаю Якобс и Чибо), иначе горечь обеспечена, даже сахар не поможет (помните, что у нас в составе шоколад!).<br />\r\nШоколад берите кондитерской фабрики им. Крупской &laquo;Особый&raquo; (для любителей &laquo;позабористее&raquo;) или &laquo;Красный Октябрь&raquo;, &laquo;Аленка&raquo;, молочный (для любителей послаще). Пробовала с остальными брендами &ndash; получалась ерунда (не буду делать антирекламу, поверьте на слово).</p>\r\n\r\n<p><a href=\"https://img1.russianfood.com/dycontent/images_upl/236/big_235874.jpg\" target=\"_blank\"><img alt=\"Фото приготовления рецепта: Двойное шоколадное печенье с имбирно-кофейными нотками - шаг №2\" src=\"https://img1.russianfood.com/dycontent/images_upl/236/sm_235874.jpg\" /></a></p>\r\n\r\n<p>О шоколаде и водяной бане. Шоколад рекомендую растапливать исключительно на водяной бане в той миске, в которой будете замешивать (шоколада мало и переливать его из одной миски в другую &ndash; это трата времени и шоколада). Не рекомендую плавить шоколад в микроволновке, т.к. он часто плавится неравномерно, образуя подгорелые вкрапления, которые не расплавятся даже в духовке и испортят всю выпечку.<br />\r\nКак это делаю я. Беру ковш, вставляю туда контейнер для варки на пару, наливаю воду в ковш на 1 см выше дна вставки, кладу в ковш замесочное блюдо, блюдо накрываю крышкой и получается &laquo;водяная баня&raquo;.<br />\r\n<br />\r\nВсе готово, можно начинать. В миске, что установлена над водяной баней, соедините сливочное масло и 40 г шоколада, средне рубленного произвольно. Периодически помешивая, дождитесь полного растворения шоколада и масла, хорошо перемешайте до единого цвета. Снимите с бани и дайте шоколаду и миске остыть 10 минут (часто шоколад теплый, а вот миска очень горячая).</p>\r\n\r\n<p><a href=\"https://img1.russianfood.com/dycontent/images_upl/236/big_235875.jpg\" target=\"_blank\"><img alt=\"Фото приготовления рецепта: Двойное шоколадное печенье с имбирно-кофейными нотками - шаг №3\" src=\"https://img1.russianfood.com/dycontent/images_upl/236/sm_235875.jpg\" /></a></p>\r\n\r\n<p>Введите в растопленный теплый шоколад сахар. Перемешайте миксером 30 секунд.</p>\r\n\r\n<p><a href=\"https://img1.russianfood.com/dycontent/images_upl/236/big_235876.jpg\" target=\"_blank\"><img alt=\"Фото приготовления рецепта: Двойное шоколадное печенье с имбирно-кофейными нотками - шаг №4\" src=\"https://img1.russianfood.com/dycontent/images_upl/236/sm_235876.jpg\" /></a></p>\r\n\r\n<p>В отдельной миске смешайте вместе ручным венчиком или вилкой муку, какао, соль, разрыхлитель, корицу, имбирь и растворимый кофе до однородности.</p>\r\n\r\n<p><a href=\"https://img1.russianfood.com/dycontent/images_upl/236/big_235877.jpg\" target=\"_blank\"><img alt=\"Фото приготовления рецепта: Двойное шоколадное печенье с имбирно-кофейными нотками - шаг №5\" src=\"https://img1.russianfood.com/dycontent/images_upl/236/sm_235877.jpg\" /></a></p>\r\n\r\n<p>Убедитесь, что миска с шоколадом остыла, и добавьте 1 яйцо (если миска или шоколад горячие, то яйцо мгновенно &laquo;сварится&raquo;). Перемешайте миксером 30 секунд.</p>\r\n\r\n<p><a href=\"https://img1.russianfood.com/dycontent/images_upl/236/big_235878.jpg\" target=\"_blank\"><img alt=\"Фото приготовления рецепта: Двойное шоколадное печенье с имбирно-кофейными нотками - шаг №6\" src=\"https://img1.russianfood.com/dycontent/images_upl/236/sm_235878.jpg\" /></a></p>\r\n\r\n<p>Введите муку в шоколадно-яичную массу в два приема, каждый раз вымешивая на самой низкой скорости миксером по 15 секунд.</p>\r\n\r\n<p><a href=\"https://img1.russianfood.com/dycontent/images_upl/236/big_235879.jpg\" target=\"_blank\"><img alt=\"Фото приготовления рецепта: Двойное шоколадное печенье с имбирно-кофейными нотками - шаг №7\" src=\"https://img1.russianfood.com/dycontent/images_upl/236/sm_235879.jpg\" /></a></p>\r\n\r\n<p>Введите в тесто оставшийся шоколад (60 г), мелко рубленный, и перемешайте вилкой до однородности.<br />\r\n<br />\r\nНакройте миску пищевой пленкой и уберите в холодильник на 3 часа. Этот шаг пропускать нельзя, иначе Вы не сможете сформировать шарики из теста и обвалять их в сахарной пудре.<br />\r\nИ еще момент - если Вам пришла в голову мысль положить тесто на 30 минут в морозилку, убедительно прошу не делать этого, дабы &laquo;не сломать&raquo; структуру теста.</p>\r\n\r\n<p><a href=\"https://img1.russianfood.com/dycontent/images_upl/236/big_235880.jpg\" target=\"_blank\"><img alt=\"Фото приготовления рецепта: Двойное шоколадное печенье с имбирно-кофейными нотками - шаг №8\" src=\"https://img1.russianfood.com/dycontent/images_upl/236/sm_235880.jpg\" /></a></p>\r\n\r\n<p>Установите решетку духовки на середину. Прогрейте духовку до 180 градусов.<br />\r\nВыложите сахарную пудру на плоскую тарелку.</p>\r\n\r\n<p><a href=\"https://img1.russianfood.com/dycontent/images_upl/236/big_235881.jpg\" target=\"_blank\"><img alt=\"Фото приготовления рецепта: Двойное шоколадное печенье с имбирно-кофейными нотками - шаг №9\" src=\"https://img1.russianfood.com/dycontent/images_upl/236/sm_235881.jpg\" /></a></p>\r\n\r\n<p>Достаньте тесто из холодильника и сухими руками сформируйте шарики диаметром с грецкий орех (не больше и не меньше). Обваляйте каждый шарик в сахарной пудре. Стряхните избыток пудры, при этом сохраняя шарики плотно покрытыми ею.</p>\r\n\r\n<p><a href=\"https://img1.russianfood.com/dycontent/images_upl/236/big_235882.jpg\" target=\"_blank\"><img alt=\"Фото приготовления рецепта: Двойное шоколадное печенье с имбирно-кофейными нотками - шаг №10\" src=\"https://img1.russianfood.com/dycontent/images_upl/236/sm_235882.jpg\" /></a></p>\r\n\r\n<p>На промасленную пергаментную бумагу или лучше всего на силиконовый коврик (ничего не прилипнет) выложите шарики из теста, оставляя расстояние между ними в 2 см (печенье увеличится в объеме).<br />\r\nПоставьте противень в духовку и засеките ровно 13 минут, дольше печенье в духовке держать нельзя.</p>\r\n\r\n<p><a href=\"https://img1.russianfood.com/dycontent/images_upl/236/big_235883.jpg\" target=\"_blank\"><img alt=\"Фото приготовления рецепта: Двойное шоколадное печенье с имбирно-кофейными нотками - шаг №11\" src=\"https://img1.russianfood.com/dycontent/images_upl/236/sm_235883.jpg\" /></a></p>\r\n\r\n<p>По истечении 13 минут выньте шоколадное печенье из духовки и оставьте на противне остывать 2 минуты. Сразу из духовки печенье мягкое и выглядит влажным, &laquo;тормошить&raquo; его в таком состоянии нельзя, дайте печенью окрепнуть. На поверхности нашего лакомства Вы увидите трещинки, через которые проглядывает расплавленный шоколад.<br />\r\nЧерез 2 минуты подденьте лопаткой шоколадное печенье и переложите на решетку для охлаждения, дайте дойти до температуры подачи к столу, а именно подождите еще 5 минут.</p>\r\n\r\n<p><a href=\"https://img1.russianfood.com/dycontent/images_upl/237/big_236077.jpg\" target=\"_blank\"><img alt=\"Фото приготовления рецепта: Двойное шоколадное печенье с имбирно-кофейными нотками - шаг №12\" src=\"https://img1.russianfood.com/dycontent/images_upl/237/sm_236077.jpg\" /></a></p>\r\n\r\n<p>Шоколадное печенье невероятно вкусное, хорошо сочетается с черным кофе и хорошим несладким чаем.<br />\r\nПосле полного остывания печенье незамедлительно переложите в вакуумный контейнер или банку с плотной крышкой. Если Вы сложите в банку теплое печенье, то оно выделит влагу и размягчится под ее же действием. Если Вы оставите печенье на столе на более, чем 6 часов, то оно заметно подсохнет.<br />\r\nВсе секреты выдала, все моменты осветила, так что смело за работу! :)<br />\r\nПриятного аппетита!</p>\r\n', '2020-06-16 21:23:46', '2020-06-16 21:24:10', 5, 2, 1, 1, 2, '<table border=\"0\" cellpadding=\"5\" cellspacing=\"1\" style=\"width:500px\">\r\n	<caption>Ингредиенты</caption>\r\n	<tbody>\r\n		<tr>\r\n			<td>Мука пшеничная в/с &ndash; 55 г</td>\r\n		</tr>\r\n		<tr>\r\n			<td>Масло сливочное &ndash; 55 г</td>\r\n		</tr>\r\n		<tr>\r\n			<td>Яйцо С1 &ndash; 1 шт.</td>\r\n		</tr>\r\n		<tr>\r\n			<td>Шоколад &ndash; 40 г (средне рубленный) + 60 г (мелко рубленный)</td>\r\n		</tr>\r\n		<tr>\r\n			<td>Какао-порошок &ndash; 10 г</td>\r\n		</tr>\r\n		<tr>\r\n			<td>Корица молотая &ndash; 0,5 ч. л.</td>\r\n		</tr>\r\n		<tr>\r\n			<td>Имбирь молотый &ndash; 0,5 ч. л.</td>\r\n		</tr>\r\n		<tr>\r\n			<td>Кофе растворимый в гранулах &ndash; 0,5 ч. л.</td>\r\n		</tr>\r\n		<tr>\r\n			<td>Сахар белый &ndash; 75 г</td>\r\n		</tr>\r\n		<tr>\r\n			<td>Ванильная эссенция &ndash; 0,5 ч. л.&nbsp;или ванилин &ndash; на кончике ножа</td>\r\n		</tr>\r\n		<tr>\r\n			<td>Соль мелкая, морская &ndash; 1/4 ч. л.</td>\r\n		</tr>\r\n		<tr>\r\n			<td>Разрыхлитель &ndash; 0,5 ч. л.</td>\r\n		</tr>\r\n		<tr>\r\n			<td>Сахарная пудра &ndash; 50 г (для обвалки печенья)</td>\r\n		</tr>\r\n	</tbody>\r\n</table>\r\n\r\n<p>&nbsp;</p>\r\n'),
(8, 'Песочное печенье «Шоколадные сердечки»', 'uploads/pesochshocalate.jpg', '<p>Песочное шоколадное печенье в виде сердечек готовится очень быстро. Взбивайте масло, перемешивайте с мукой, вырезайте любые фигурки из раскатанного теста и на несколько минут ставьте в духовку. А дополнить печенье-сердечки можно растопленным белым и темным шоколадом. Это не только очень вкусное, но и очень красивое угощение к чаю.</p>\r\n', '<p>Как приготовить печенье &laquo;Шоколадные сердечки&raquo;:</p>\r\n\r\n<p>1. Взбейте масло с сахаром. Добавьте ваниль. Перемешайте просеянную муку и какао. Понемногу добавляйте во взбитое масло.</p>\r\n\r\n<p>2. На слегка посыпанной мукой поверхности раскатайте тесто до толщины 0,5-0,7 см. Вырежьте печенье формочкой в виде сердечка, обмакивая формочку в муку, чтобы тесто не прилипало к ней. Выложите сердечки на противень на расстоянии 5 см.</p>\r\n\r\n<p>3. Выпекайте печенье-сердечки около 10 минут при температуре 175-180 градусов. Остудите печенье на решетке.</p>\r\n\r\n<p>4. Растопите в микроволновой печи (или на водяной бане) кусочки белого шоколада и 1 ст. л. масла, часто помешивая. Аккуратно обмакните печенье в белую глазурь с двух сторон &mdash; так, чтобы незакрытым остался ровный треугольник. Растопите темный шоколад с 1 ст. л. масла и полейте сверху печенье &laquo;Шоколадные сердечки&raquo; (сделайте тонкий рисунок).</p>\r\n\r\n<p>Приятного чаепития!</p>\r\n', '2020-06-16 21:28:12', '2020-06-16 21:29:43', 3, 2, 5, 1, 2, '<table border=\"0\" cellpadding=\"5\" cellspacing=\"1\" style=\"width:500px\">\r\n	<caption>Ингредиенты</caption>\r\n	<tbody>\r\n		<tr>\r\n			<td>Масло сливочное, размягченное &mdash; 1 стакан</td>\r\n		</tr>\r\n		<tr>\r\n			<td>Сахар &mdash; &frac12; стакана</td>\r\n		</tr>\r\n		<tr>\r\n			<td>Ванильный экстракт &mdash; 1 ч. л.</td>\r\n		</tr>\r\n		<tr>\r\n			<td>Мука &mdash; 2 стакана</td>\r\n		</tr>\r\n		<tr>\r\n			<td>Какао &mdash; &frac14; стакана</td>\r\n		</tr>\r\n		<tr>\r\n			<td>Шоколадные чипсы (белый шоколад) &mdash; 1 стакан</td>\r\n		</tr>\r\n		<tr>\r\n			<td>Масло сливочное &mdash; 2 ст. л.</td>\r\n		</tr>\r\n		<tr>\r\n			<td>Шоколадные чипсы (темный шоколад) &mdash; &frac12; стакана</td>\r\n		</tr>\r\n	</tbody>\r\n</table>\r\n\r\n<p>&nbsp;</p>\r\n'),
(9, 'Печенье \"Шоколадные слоеные язычки\"', 'uploads/shokolad2.jpg', '<p>Шоколадные слоеные язычки &ndash; нежные, лёгкие и воздушные. Способ их готовки совсем несложный, а вкус &ndash; нежный и приятный, домочадцам он понравится. Особенно рады будут дети, ведь печенью можно придать любую замысловатую форму.</p>\r\n', '<p>Пошаговый фото рецептПеченье &quot;Шоколадные слоеные язычки&quot;</p>\r\n\r\n<p>&nbsp;</p>\r\n\r\n<p><a href=\"https://img1.russianfood.com/dycontent/images_upl/120/big_119289.jpg\" target=\"_blank\"><img alt=\"Фото приготовления рецепта: Печенье &quot;Шоколадные слоеные язычки&quot; - шаг №1\" src=\"https://img1.russianfood.com/dycontent/images_upl/120/sm_119289.jpg\" /></a></p>\r\n\r\n<p>Ингредиенты для приготовления печенья &quot;Шоколадные слоеные язычки&quot;.</p>\r\n\r\n<p><a href=\"https://img1.russianfood.com/dycontent/images_upl/120/big_119290.jpg\" target=\"_blank\"><img alt=\"Фото приготовления рецепта: Печенье &quot;Шоколадные слоеные язычки&quot; - шаг №2\" src=\"https://img1.russianfood.com/dycontent/images_upl/120/sm_119290.jpg\" /></a></p>\r\n\r\n<p>Как приготовить печенье &quot;Шоколадные слоеные язычки&quot;:<br />\r\n<br />\r\nПросеять муку. Добавить кусочки маргарина &quot;Щедрое лето&quot;.</p>\r\n\r\n<p><a href=\"https://img1.russianfood.com/dycontent/images_upl/120/big_119291.jpg\" target=\"_blank\"><img alt=\"Фото приготовления рецепта: Печенье &quot;Шоколадные слоеные язычки&quot; - шаг №3\" src=\"https://img1.russianfood.com/dycontent/images_upl/120/sm_119291.jpg\" /></a></p>\r\n\r\n<p>Измельчить маргарин с мукой до состояния крошки.</p>\r\n\r\n<p><a href=\"https://img1.russianfood.com/dycontent/images_upl/120/big_119292.jpg\" target=\"_blank\"><img alt=\"Фото приготовления рецепта: Печенье &quot;Шоколадные слоеные язычки&quot; - шаг №4\" src=\"https://img1.russianfood.com/dycontent/images_upl/120/sm_119292.jpg\" /></a></p>\r\n\r\n<p>Сверху выложить сметану и от краев к центру собрать тесто.<br />\r\nСкатать из теста шар. Завернуть тесто в пленку и поместить в холодильник примерно на 2 часа.</p>\r\n\r\n<p><a href=\"https://img1.russianfood.com/dycontent/images_upl/120/big_119293.jpg\" target=\"_blank\"><img alt=\"Фото приготовления рецепта: Печенье &quot;Шоколадные слоеные язычки&quot; - шаг №5\" src=\"https://img1.russianfood.com/dycontent/images_upl/120/sm_119293.jpg\" /></a></p>\r\n\r\n<p>Выложить тесто для раскатывания на стол, &quot;подбеленный&quot; мукой.</p>\r\n\r\n<p><a href=\"https://img1.russianfood.com/dycontent/images_upl/120/big_119294.jpg\" target=\"_blank\"><img alt=\"Фото приготовления рецепта: Печенье &quot;Шоколадные слоеные язычки&quot; - шаг №6\" src=\"https://img1.russianfood.com/dycontent/images_upl/120/sm_119294.jpg\" /></a></p>\r\n\r\n<p>Раскатать скалкой длинную пластину. Разделить пластину из теста на три части (мысленно).</p>\r\n\r\n<p><a href=\"https://img1.russianfood.com/dycontent/images_upl/120/big_119295.jpg\" target=\"_blank\"><img alt=\"Фото приготовления рецепта: Печенье &quot;Шоколадные слоеные язычки&quot; - шаг №7\" src=\"https://img1.russianfood.com/dycontent/images_upl/120/sm_119295.jpg\" /></a></p>\r\n\r\n<p>В середину (на среднюю часть) насыпать какао, смешанное с сахаром, тонким слоем.</p>\r\n\r\n<p><a href=\"https://img1.russianfood.com/dycontent/images_upl/120/big_119296.jpg\" target=\"_blank\"><img alt=\"Фото приготовления рецепта: Печенье &quot;Шоколадные слоеные язычки&quot; - шаг №8\" src=\"https://img1.russianfood.com/dycontent/images_upl/120/sm_119296.jpg\" /></a></p>\r\n\r\n<p>Сверху накрыть боковой частью.</p>\r\n\r\n<p><a href=\"https://img1.russianfood.com/dycontent/images_upl/120/big_119297.jpg\" target=\"_blank\"><img alt=\"Фото приготовления рецепта: Печенье &quot;Шоколадные слоеные язычки&quot; - шаг №9\" src=\"https://img1.russianfood.com/dycontent/images_upl/120/sm_119297.jpg\" /></a></p>\r\n\r\n<p>Опять посыпать смесью какао с сахаром и прикрыть оставшейся свободной частью теста. Раскатать толстый прямоугольник в пласт, толщиной 1,5 см.<br />\r\nПовторить процесс несколько раз.</p>\r\n\r\n<p><a href=\"https://img1.russianfood.com/dycontent/images_upl/120/big_119298.jpg\" target=\"_blank\"><img alt=\"Фото приготовления рецепта: Печенье &quot;Шоколадные слоеные язычки&quot; - шаг №10\" src=\"https://img1.russianfood.com/dycontent/images_upl/120/sm_119298.jpg\" /></a></p>\r\n\r\n<p>Из теста свернуть валик и затем, в очередной раз, раскатать прямоугольник.</p>\r\n\r\n<p><a href=\"https://img1.russianfood.com/dycontent/images_upl/120/big_119299.jpg\" target=\"_blank\"><img alt=\"Фото приготовления рецепта: Печенье &quot;Шоколадные слоеные язычки&quot; - шаг №11\" src=\"https://img1.russianfood.com/dycontent/images_upl/120/sm_119299.jpg\" /></a></p>\r\n\r\n<p>Нарезать пластинками и слегка их перекрутить. Выложить слоеные язычки на противень, покрытый пергаментом для выпекания.<br />\r\n20 минут выпекать в разогретой духовке, пока язычки не подрумянятся, установив температуру духовки 200 градусов.</p>\r\n\r\n<p><a href=\"https://img1.russianfood.com/dycontent/images_upl/120/big_119300.jpg\" target=\"_blank\"><img alt=\"Фото приготовления рецепта: Печенье &quot;Шоколадные слоеные язычки&quot; - шаг №12\" src=\"https://img1.russianfood.com/dycontent/images_upl/120/sm_119300.jpg\" /></a></p>\r\n\r\n<p>Почувствовали нежный аромат выпечки, и язычки выглядят румяными? Печенье &quot;Шоколадные слоеные язычки&quot; готово! Пора собирать на стол, наливать чай и звать родных!</p>\r\n', '2020-06-16 21:34:24', '2020-06-16 21:34:51', 3, 2, 1, 1, 2, '<table border=\"0\" cellpadding=\"5\" cellspacing=\"1\" style=\"width:500px\">\r\n	<caption>Ингредиенты</caption>\r\n	<tbody>\r\n		<tr>\r\n			<td>Маргарин &quot;Щедрое лето&quot; - 200 г</td>\r\n		</tr>\r\n		<tr>\r\n			<td>Сметана (густая) - 200 г</td>\r\n		</tr>\r\n		<tr>\r\n			<td>Мука - 2 стакана</td>\r\n		</tr>\r\n		<tr>\r\n			<td>Какао - 50 г</td>\r\n		</tr>\r\n		<tr>\r\n			<td>Сахар - по вкусу</td>\r\n		</tr>\r\n	</tbody>\r\n</table>\r\n\r\n<p>&nbsp;</p>\r\n');

-- --------------------------------------------------------

--
-- Структура таблицы `migration`
--

CREATE TABLE `migration` (
  `version` varchar(180) NOT NULL,
  `apply_time` int(11) DEFAULT NULL
) ENGINE=InnoDB DEFAULT CHARSET=utf8;

--
-- Дамп данных таблицы `migration`
--

INSERT INTO `migration` (`version`, `apply_time`) VALUES
('m000000_000000_base', 1589272859),
('m130524_201442_init', 1589272877),
('m140506_102106_rbac_init', 1589275525),
('m170907_052038_rbac_add_index_on_auth_assignment_user_id', 1589275526),
('m180523_151638_rbac_updates_indexes_without_prefix', 1589275526),
('m190124_110200_add_verification_token_column_to_user_table', 1589272878),
('m200409_110543_rbac_update_mssql_trigger', 1589275526),
('m200512_094409_init_rbac', 1589277259);

-- --------------------------------------------------------

--
-- Структура таблицы `tag`
--

CREATE TABLE `tag` (
  `id` int(11) NOT NULL,
  `name` varchar(50) NOT NULL,
  `created_at` datetime NOT NULL,
  `updated_at` datetime NOT NULL
) ENGINE=InnoDB DEFAULT CHARSET=utf8;

--
-- Дамп данных таблицы `tag`
--

INSERT INTO `tag` (`id`, `name`, `created_at`, `updated_at`) VALUES
(1, 'слоенное', '2020-05-12 16:55:28', '2020-05-12 16:55:28'),
(2, 'тесто', '2020-05-12 16:55:48', '2020-05-12 16:55:48'),
(3, 'пирог', '2020-05-12 16:56:00', '2020-05-12 16:56:07');

-- --------------------------------------------------------

--
-- Структура таблицы `user`
--

CREATE TABLE `user` (
  `id` int(11) NOT NULL,
  `username` varchar(255) COLLATE utf8_unicode_ci NOT NULL,
  `auth_key` varchar(32) COLLATE utf8_unicode_ci NOT NULL,
  `password_hash` varchar(255) COLLATE utf8_unicode_ci NOT NULL,
  `password_reset_token` varchar(255) COLLATE utf8_unicode_ci DEFAULT NULL,
  `email` varchar(255) COLLATE utf8_unicode_ci NOT NULL,
  `status` smallint(6) NOT NULL DEFAULT '10',
  `created_at` int(11) NOT NULL,
  `updated_at` int(11) NOT NULL,
  `verification_token` varchar(255) COLLATE utf8_unicode_ci DEFAULT NULL
) ENGINE=InnoDB DEFAULT CHARSET=utf8 COLLATE=utf8_unicode_ci;

--
-- Дамп данных таблицы `user`
--

INSERT INTO `user` (`id`, `username`, `auth_key`, `password_hash`, `password_reset_token`, `email`, `status`, `created_at`, `updated_at`, `verification_token`) VALUES
(2, 'timur', 'JKibM8W_Ipg3IYqxgHWUMwzxSrDNAnF8', '$2y$13$qmM9YWv9H8bW1QyC40G9f.lmHgLOmkeGEYC1Tcj7GdUc9IFAprQO2', NULL, 'sashasergienko8385@gmail.com', 10, 1589277394, 1589277394, NULL),
(3, 'artur', '12M4BrUHuE3Chh7nthzyjJ5OEjwaCQNb', '$2y$13$axdZqtNEb4L6V0ekJAUU3eyTdEn1oZEoiHHIH.Stirr.CQkWSm0R.', NULL, 'artur@ru.com', 10, 1589545134, 1589545134, NULL),
(5, 'sasha', 'lUsEGcUzRvJEgF4l6-pIKqFLyc2ogWiW', '$2y$13$GIlc4KEJHoDzIgQrQbBhpuwp1AMyPASUQsKEARRV1WMzwNaXDOIGi', NULL, 'sergienko@com.ru', 10, 1592143810, 1592143810, NULL);

--
-- Индексы сохранённых таблиц
--

--
-- Индексы таблицы `auth_assignment`
--
ALTER TABLE `auth_assignment`
  ADD PRIMARY KEY (`item_name`,`user_id`),
  ADD KEY `idx-auth_assignment-user_id` (`user_id`);

--
-- Индексы таблицы `auth_item`
--
ALTER TABLE `auth_item`
  ADD PRIMARY KEY (`name`),
  ADD KEY `rule_name` (`rule_name`),
  ADD KEY `idx-auth_item-type` (`type`);

--
-- Индексы таблицы `auth_item_child`
--
ALTER TABLE `auth_item_child`
  ADD PRIMARY KEY (`parent`,`child`),
  ADD KEY `child` (`child`);

--
-- Индексы таблицы `auth_rule`
--
ALTER TABLE `auth_rule`
  ADD PRIMARY KEY (`name`);

--
-- Индексы таблицы `bakery`
--
ALTER TABLE `bakery`
  ADD PRIMARY KEY (`id`);

--
-- Индексы таблицы `bakery_tag`
--
ALTER TABLE `bakery_tag`
  ADD PRIMARY KEY (`id`);

--
-- Индексы таблицы `category`
--
ALTER TABLE `category`
  ADD PRIMARY KEY (`id`);

--
-- Индексы таблицы `cookies`
--
ALTER TABLE `cookies`
  ADD PRIMARY KEY (`id`),
  ADD KEY `user_id` (`user_id`);

--
-- Индексы таблицы `migration`
--
ALTER TABLE `migration`
  ADD PRIMARY KEY (`version`);

--
-- Индексы таблицы `tag`
--
ALTER TABLE `tag`
  ADD PRIMARY KEY (`id`);

--
-- Индексы таблицы `user`
--
ALTER TABLE `user`
  ADD PRIMARY KEY (`id`),
  ADD UNIQUE KEY `username` (`username`),
  ADD UNIQUE KEY `email` (`email`),
  ADD UNIQUE KEY `password_reset_token` (`password_reset_token`);

--
-- AUTO_INCREMENT для сохранённых таблиц
--

--
-- AUTO_INCREMENT для таблицы `bakery`
--
ALTER TABLE `bakery`
  MODIFY `id` int(11) NOT NULL AUTO_INCREMENT, AUTO_INCREMENT=19;
--
-- AUTO_INCREMENT для таблицы `bakery_tag`
--
ALTER TABLE `bakery_tag`
  MODIFY `id` int(11) NOT NULL AUTO_INCREMENT;
--
-- AUTO_INCREMENT для таблицы `category`
--
ALTER TABLE `category`
  MODIFY `id` int(11) NOT NULL AUTO_INCREMENT, AUTO_INCREMENT=6;
--
-- AUTO_INCREMENT для таблицы `cookies`
--
ALTER TABLE `cookies`
  MODIFY `id` int(11) NOT NULL AUTO_INCREMENT, AUTO_INCREMENT=10;
--
-- AUTO_INCREMENT для таблицы `tag`
--
ALTER TABLE `tag`
  MODIFY `id` int(11) NOT NULL AUTO_INCREMENT, AUTO_INCREMENT=4;
--
-- AUTO_INCREMENT для таблицы `user`
--
ALTER TABLE `user`
  MODIFY `id` int(11) NOT NULL AUTO_INCREMENT, AUTO_INCREMENT=6;
--
-- Ограничения внешнего ключа сохраненных таблиц
--

--
-- Ограничения внешнего ключа таблицы `auth_assignment`
--
ALTER TABLE `auth_assignment`
  ADD CONSTRAINT `auth_assignment_ibfk_1` FOREIGN KEY (`item_name`) REFERENCES `auth_item` (`name`) ON DELETE CASCADE ON UPDATE CASCADE;

--
-- Ограничения внешнего ключа таблицы `auth_item`
--
ALTER TABLE `auth_item`
  ADD CONSTRAINT `auth_item_ibfk_1` FOREIGN KEY (`rule_name`) REFERENCES `auth_rule` (`name`) ON DELETE SET NULL ON UPDATE CASCADE;

--
-- Ограничения внешнего ключа таблицы `auth_item_child`
--
ALTER TABLE `auth_item_child`
  ADD CONSTRAINT `auth_item_child_ibfk_1` FOREIGN KEY (`parent`) REFERENCES `auth_item` (`name`) ON DELETE CASCADE ON UPDATE CASCADE,
  ADD CONSTRAINT `auth_item_child_ibfk_2` FOREIGN KEY (`child`) REFERENCES `auth_item` (`name`) ON DELETE CASCADE ON UPDATE CASCADE;

--
-- Ограничения внешнего ключа таблицы `cookies`
--
ALTER TABLE `cookies`
  ADD CONSTRAINT `cookies_ibfk_1` FOREIGN KEY (`user_id`) REFERENCES `user` (`id`) ON DELETE CASCADE ON UPDATE CASCADE;

/*!40101 SET CHARACTER_SET_CLIENT=@OLD_CHARACTER_SET_CLIENT */;
/*!40101 SET CHARACTER_SET_RESULTS=@OLD_CHARACTER_SET_RESULTS */;
/*!40101 SET COLLATION_CONNECTION=@OLD_COLLATION_CONNECTION */;
